0,49.9993427896175
0.01,49.9991826629837
0.02,49.9991897294033
0.03,49.9987645980632
0.04,49.9988632826871
0.05,49.998303617429
0.06,49.9983903058829
0.07,49.9985366778168
0.08,49.9982156807827
0.09,49.998115889864
0.1,49.9983039055079
0.11,49.9982600497785
0.12,49.9978143882609
0.13,49.9978593029025
0.14,49.9979626599095
0.15,49.998009465005
0.16,49.9981434599452
0.17,49.9982709606837
0.18,49.9985985545928
0.19,49.9983783046934
0.2,49.997997962492
0.21,49.998207889415
0.22,49.9981607043853
0.23,49.9979228321536
0.24,49.998188464439
0.25,49.9981056284943
0.26,49.9983175304443
0.27,49.9984168391823
0.28,49.9987315505809
0.29,49.998837060347
0.3,49.9989792394239
0.31,49.9988700981262
0.32,49.9987691028521
0.33,49.9990908879322
0.34,49.999036018509
0.35,49.9990778973013
0.36,49.9987877292422
0.37,49.9989073208204
0.38,49.9988965764614
0.39,49.9989858744331
0.4,49.998954081226
0.41,49.9987769796591
0.42,49.9990791408093
0.43,49.9991190351845
0.44,49.9987799780412
0.45,49.9988279531717
0.46,49.9987441658132
0.47,49.9987600741516
0.48,49.9990138949793
0.49,49.998956010928
0.5,49.9992330692717
0.51,49.9993934763831
0.52,49.9990332570299
0.53,49.9994583725046
0.54,49.9997323125838
0.55,49.9999699317519
0.56,49.9998290967812
0.57,50.0000524510144
0.58,50.0001160299969
0.59,50.0000019129571
0.6,50.0000348674444
0.61,50.0002513920866
0.62,50.0002030556875
0.63,50.0005466900403
0.64,50.0002959141279
0.65,50.0001276733508
0.66,49.9999840423455
0.67,50.0000627450264
0.68,50.0002016317379
0.69,50.0001488987958
0.7,49.9998411496749
0.71,49.9999344097738
0.72,49.9999638421359
0.73,49.9995555168595
0.74,49.999223586395
0.75,49.9995634994457
0.76,49.9999367628758
0.77,50.0000281140233
0.78,49.9994714977198
0.79,49.9997995567665
0.8,49.99968083244
0.81,49.9996487919542
0.82,49.999588195932
0.83,49.9997507981089
0.84,49.999912279455
0.85,49.999812776817
0.86,49.9995164371599
0.87,49.9994686525938
0.88,49.9988604770965
0.89,49.9983941152009
0.9,49.9982322882478
0.91,49.9979853981035
0.92,49.9981057192637
0.93,49.9981646555395
0.94,49.9979377049347
0.95,49.9979426974533
0.96,49.9981894958043
0.97,49.9983994204755
0.98,49.9984445350256
0.99,49.9982282359498
1,49.9985333605615
1.01,49.9983584023336
1.02,49.998396878296
1.03,49.9987171941732
1.04,49.9988964064402
1.05,49.9991176810203
1.06,49.999084106874
1.07,49.9991390906719
1.08,49.9995975032185
1.09,49.9994512864252
1.1,49.9990810485031
1.11,49.9990500927716
1.12,49.9993343016295
1.13,49.9993972543176
1.14,49.9993843288286
1.15,49.9992820513462
1.16,49.99933444501
1.17,49.999289842578
1.18,49.9990254026124
1.19,49.9992080652831
1.2,49.9996914251193
1.21,49.99964131675
1.22,49.999630435915
1.23,49.9995394567787
1.24,49.9993214608668
1.25,49.9994299156111
1.26,49.9992191620335
1.27,49.9992329649941
1.28,49.9988260056442
1.29,49.9986985626588
1.3,49.9986806075469
1.31,49.9985193582034
1.32,49.9986872965963
1.33,49.9984502496653
1.34,49.998742055549
1.35,49.9986233642414
1.36,49.9986103427818
1.37,49.9986355895517
1.38,49.9988279511408
1.39,49.9988791502343
1.4,49.9991755826165
1.41,49.9991297986881
1.42,49.9986977031598
1.43,49.9987453121912
1.44,49.9992660786948
1.45,49.9996075482206
1.46,49.9997178221715
1.47,49.9997590741548
1.48,49.9996416432633
1.49,49.9996676592876
1.5,49.9993969309481
1.51,49.9993544353065
1.52,49.9995506869248
1.53,49.9995389858413
1.54,49.9996144692097
1.55,49.9994529730279
1.56,49.9997589829873
1.57,49.9994912895001
1.58,49.999316712434
1.59,49.9992423727736
1.6,49.9991173652342
1.61,49.9988134201253
1.62,49.9991508989352
1.63,49.9991755013486
1.64,49.9990595661292
1.65,49.9991871811826
1.66,49.9992225401614
1.67,49.9991695581839
1.68,49.9993877727117
1.69,49.9991976547378
1.7,49.9993636546468
1.71,49.9993785722048
1.72,49.9993832075343
1.73,49.9995604350707
1.74,49.9999937714652
1.75,49.9999307301636
1.76,49.9997423213459
1.77,49.9998750291158
1.78,50.0001533932491
1.79,50.0000328935797
1.8,50.0002360493554
1.81,49.9996346810761
1.82,49.9997154373669
1.83,49.999458490883
1.84,49.9995779439827
1.85,49.9994900660797
1.86,49.9999129232803
1.87,50.0000781363238
1.88,50.0003043475971
1.89,50.0008316832853
1.9,50.0011147482247
1.91,50.0012086309598
1.92,50.001158185976
1.93,50.0012012152674
1.94,50.0015529665737
1.95,50.0016697407584
1.96,50.0015844475792
1.97,50.0015898717399
1.98,50.0017591517028
1.99,50.001861947238
2,50.0018429375845
2.01,50.0019759735839
2.02,50.0019944753364
2.03,50.0019619593348
2.04,50.0018018548168
2.05,50.0020719397227
2.06,50.0022312332057
2.07,50.0021418984057
2.08,50.0018211802299
2.09,50.0021241242212
2.1,50.0023801926815
2.11,50.0024145548308
2.12,50.0024117158791
2.13,50.0022925726557
2.14,50.0022119914001
2.15,50.0023676650484
2.16,50.002226276869
2.17,50.002413944358
2.18,50.0025789715179
2.19,50.0024529260046
2.2,50.0022442405436
2.21,50.0021136604706
2.22,50.0022243833995
2.23,50.0028325634693
2.24,50.0031446937797
2.25,50.0031972367116
2.26,50.0032362123021
2.27,50.0030695693362
2.28,50.0034276532884
2.29,50.0035050410228
2.3,50.0035136101836
2.31,50.0037898204658
2.32,50.0037578248772
2.33,50.0037487636661
2.34,50.0035471222466
2.35,50.0036542456818
2.36,50.0039022973554
2.37,50.0036963798408
2.38,50.0032399239464
2.39,50.0030458553589
2.4,50.0026454663851
2.41,50.0029494932332
2.42,50.0029995841498
2.43,50.0031574364022
2.44,50.0030441709214
2.45,50.0027788450111
2.46,50.0027820540038
2.47,50.0025689403361
2.48,50.0024235274419
2.49,50.0023914892896
2.5,50.002195812129
2.51,50.0022469888854
2.52,50.0021729182253
2.53,50.0020914717864
2.54,50.0021093905748
2.55,50.0020874637269
2.56,50.0018363224861
2.57,50.0018232045379
2.58,50.0019058335106
2.59,50.0021496855709
2.6,50.0020060837109
2.61,50.0020798360346
2.62,50.0017327559437
2.63,50.0015789613573
2.64,50.0018708156332
2.65,50.001846652156
2.66,50.0016190105528
2.67,50.0019147530642
2.68,50.0017509857947
2.69,50.0016978332531
2.7,50.0015910887848
2.71,50.0015389563801
2.72,50.0014852722857
2.73,50.0010615186914
2.74,50.0007498765997
2.75,50.0007165212766
2.76,50.000713230887
2.77,50.0007314320918
2.78,50.0006050352827
2.79,50.0005385189233
2.8,50.0005829692561
2.81,50.0011557089804
2.82,50.0011277281952
2.83,50.0012934216316
2.84,50.0012460203694
2.85,50.0014467021714
2.86,50.0010991574338
2.87,50.0011536492519
2.88,50.0013836488216
2.89,50.0012774222576
2.9,50.0014393835621
2.91,50.0012485153235
2.92,50.0015220191847
2.93,50.001532300523
2.94,50.0012181498355
2.95,50.001180800073
2.96,50.0011518471626
2.97,50.0010188091407
2.98,50.0010593668282
2.99,50.000996678881
3,50.0009955648824
3.01,50.0013502926316
3.02,50.0011096642498
3.03,50.0009084867757
3.04,50.001055501775
3.05,50.0009015631381
3.06,50.0011914281415
3.07,50.0012017828705
3.08,50.0012831918141
3.09,50.001033944414
3.1,50.0009419318347
3.11,50.000742990184
3.12,50.0005755610071
3.13,50.0008264627039
3.14,50.0006943364084
3.15,50.0005476964716
3.16,50.0008176915956
3.17,50.0006992567878
3.18,50.0006846765459
3.19,50.0005690809234
3.2,50.00054675942
3.21,50.0006278330024
3.22,50.0008145253748
3.23,50.0003819306153
3.24,50.0000281899316
3.25,49.9998115365721
3.26,50.0000477657428
3.27,50.0001273128116
3.28,49.9996065411059
3.29,49.9995899176359
3.3,49.9993176325363
3.31,49.9994143276127
3.32,49.9992749684428
3.33,49.9991152329376
3.34,49.9991016838954
3.35,49.9991881663305
3.36,49.999153877553
3.37,49.9994104499507
3.38,49.9997038401546
3.39,49.9997917736258
3.4,50.0002247858096
3.41,50.0002449488411
3.42,50.0001167774004
3.43,49.9999393370715
3.44,49.9998447433237
3.45,49.9998361626368
3.46,49.9996783901245
3.47,49.9997072196845
3.48,49.9995403188075
3.49,49.9995841544775
3.5,49.9995119050947
3.51,49.9994694373857
3.52,49.9996498182278
3.53,49.9995291301212
3.54,49.9995054427565
3.55,49.9994579368144
3.56,49.9997607234144
3.57,49.9998566953392
3.58,50.0000443932416
3.59,50.0000335544466
3.6,49.999951176154
3.61,49.9998696242981
3.62,49.9995149421089
3.63,49.9993078455131
3.64,49.9992223841171
3.65,49.9991665636762
3.66,49.9990439284224
3.67,49.9993008179124
3.68,49.9992634926796
3.69,49.999551111528
3.7,49.9994302339995
3.71,49.9993910477691
3.72,49.9993023615121
3.73,49.9996696085321
3.74,49.999930082393
3.75,49.9999165414962
3.76,50.0003688047936
3.77,49.9999257389529
3.78,50.0001545803256
3.79,49.999997472081
3.8,49.9999858470453
3.81,49.9995774327891
3.82,49.9995843759703
3.83,49.9992602181268
3.84,49.9993928997608
3.85,49.9994005458119
3.86,49.9997312984663
3.87,49.9995598909411
3.88,49.9992386551315
3.89,49.9989660726981
3.9,49.9988574319839
3.91,49.9993161895903
3.92,49.999421847447
3.93,49.9994687436298
3.94,49.9996438184945
3.95,50.0002306956731
3.96,50.000100543354
3.97,50.0000617216515
3.98,49.9997580129584
3.99,49.99949181995
4,49.999677926344
4.01,49.9991952450193
4.02,49.9992487104354
4.03,49.9995658622901
4.04,49.9992892181701
4.05,49.9997971808668
4.06,49.9993664263356
4.07,49.9992008530626
4.08,49.9992896635525
4.09,49.9993487270961
4.1,49.9994490267775
4.11,49.9996923888581
4.12,50.0001892609123
4.13,49.9998094992525
4.14,50.0000938347111
4.15,50.0004014185223
4.16,50.000021345761
4.17,49.9999382523352
4.18,49.9997114494164
4.19,50.0002159788134
4.2,50.000274996833
4.21,50.0003137344883
4.22,50.0000429150327
4.23,50.0002126448863
4.24,50.0002133068777
4.25,49.9999623065066
4.26,49.9997803000079
4.27,49.9996620704377
4.28,50.0000144810966
4.29,50.0002180492787
4.3,50.0003762414259
4.31,50.0000402576044
4.32,50.0001120634668
4.33,50.0005967288557
4.34,50.000806549993
4.35,50.000850211045
4.36,50.0011473262415
4.37,50.0009076929048
4.38,50.0007186233727
4.39,50.0005935695661
4.4,50.0002509178778
4.41,49.9999036751711
4.42,50.0001742261324
4.43,50.0000411729931
4.44,50.0001485964373
4.45,49.9999048221338
4.46,50.000099929543
4.47,50.0000408428224
4.48,50.0002694842368
4.49,50.0002335258339
4.5,50.0003448129535
4.51,50.0002692618067
4.52,50.0001849862316
4.53,50.000091799204
4.54,49.9999293239357
4.55,49.9998826701759
4.56,49.9998157967305
4.57,49.9998925052179
4.58,49.9998851693699
4.59,50.0001338073475
4.6,50.0004125975282
4.61,50.0003549081789
4.62,50.0005141360051
4.63,50.000654623797
4.64,50.0006394151335
4.65,50.0007501566923
4.66,50.0014415491741
4.67,50.000873977164
4.68,50.0011272606051
4.69,50.0010340076685
4.7,50.0011776614329
4.71,50.0012781776029
4.72,50.0013239498634
4.73,50.0013208062609
4.74,50.0005054801426
4.75,50.0004735625562
4.76,50.0000033742361
4.77,50.0003930125012
4.78,50.0003328875671
4.79,50.0005416870167
4.8,50.0003303148521
4.81,50.00047574853
4.82,50.0005656784771
4.83,50.0005390794094
4.84,50.0003659129443
4.85,50.0000898423708
4.86,49.9997422762098
4.87,49.9998233685391
4.88,50.0001013562456
4.89,50.0002985832874
4.9,50.0001220692393
4.91,49.9998875754867
4.92,49.9995258752155
4.93,49.9995221403221
4.94,49.9995501401086
4.95,49.9988848788162
4.96,49.9985822926996
4.97,49.9987401941428
4.98,49.9990399397951
4.99,49.9988606182184
5,49.9987280187293
5.01,49.9991063516867
5.02,49.999214169673
5.03,49.9991558597616
5.04,49.9993248605805
5.05,49.9986779294401
5.06,49.998849305118
5.07,49.9991555771471
5.08,49.9991177145404
5.09,49.9993487466985
5.1,49.9993878702475
5.11,49.9992831993026
5.12,49.9990077804992
5.13,49.9992746170903
5.14,49.9991200224124
5.15,49.9989334105904
5.16,49.9989582455256
5.17,49.9990355747878
5.18,49.9990546934008
5.19,49.998872588878
5.2,49.9988074982903
5.21,49.9988691592145
5.22,49.9988807950515
5.23,49.9986116370729
5.24,49.998817730481
5.25,49.9990180362654
5.26,49.9990389912523
5.27,49.9992419100087
5.28,49.9991447433002
5.29,49.9987915681396
5.3,49.9987043883166
5.31,49.9987545302812
5.32,49.9987029395861
5.33,49.9982240756365
5.34,49.997671579873
5.35,49.9976280827493
5.36,49.9975685913976
5.37,49.9975161854398
5.38,49.9975362976633
5.39,49.9974884081951
5.4,49.9977812758812
5.41,49.9981266064237
5.42,49.998111733752
5.43,49.9980964668739
5.44,49.9981640881561
5.45,49.9982710404573
5.46,49.9983142128891
5.47,49.9985452204967
5.48,49.9985053877856
5.49,49.9984138002995
5.5,49.9988881808264
5.51,49.9987911715219
5.52,49.9984918651063
5.53,49.9984589427329
5.54,49.9984093459621
5.55,49.9984438397439
5.56,49.9984767666916
5.57,49.9983923363283
5.58,49.9982780234722
5.59,49.998219420567
5.6,49.9979439604773
5.61,49.9983018068009
5.62,49.9986564766302
5.63,49.9987999335351
5.64,49.9989185585947
5.65,49.9989301229383
5.66,49.9987661429384
5.67,49.9991629729418
5.68,49.9988925142918
5.69,49.9989207323291
5.7,49.998526013631
5.71,49.9986669152485
5.72,49.9984898309487
5.73,49.9984752786192
5.74,49.9988965012217
5.75,49.9989020212463
5.76,49.9992214138124
5.77,49.9990179935186
5.78,49.9990462799528
5.79,49.9990666909779
5.8,49.9990903605606
5.81,49.9990308983146
5.82,49.9986234658369
5.83,49.998835676122
5.84,49.9985629883991
5.85,49.9985799286731
5.86,49.9983640277374
5.87,49.9985161680715
5.88,49.9981642565444
5.89,49.998517705929
5.9,49.9982909891329
5.91,49.99835839409
5.92,49.9979798916059
5.93,49.9979090025935
5.94,49.9976417513874
5.95,49.9978157408434
5.96,49.9982723702107
5.97,49.9981323979813
5.98,49.9980133086493
5.99,49.9983429791025
6,49.998427077524
6.01,49.9984619567082
6.02,49.9983744386992
6.03,49.9986314940281
6.04,49.9981286945726
6.05,49.9983921244524
6.06,49.9982402503799
6.07,49.9980006749798
6.08,49.9980148347086
6.09,49.9980323043284
6.1,49.9984902036888
6.11,49.9984929070593
6.12,49.9985709975452
6.13,49.9986454116312
6.14,49.9987049171276
6.15,49.9987004783664
6.16,49.9989884067235
6.17,49.9988469779937
6.18,49.9990446991436
6.19,49.9990993729244
6.2,49.9991967640697
6.21,49.9990313460252
6.22,49.9990953271944
6.23,49.9989992411962
6.24,49.9989887473001
6.25,49.9994224565682
6.26,49.9992464511726
6.27,49.99908558206
6.28,49.999055919052
6.29,49.9990419998516
6.3,49.9992660490899
6.31,49.9994523198303
6.32,49.9994619688179
6.33,49.9995129452781
6.34,49.9997162959181
6.35,49.9997169098202
6.36,49.9995067705192
6.37,49.999611101717
6.38,49.9997594670817
6.39,50.0000963329954
6.4,49.9998158225658
6.41,49.9996484937451
6.42,49.9996995150231
6.43,49.9996846349133
6.44,49.9994980003092
6.45,49.9994533793541
6.46,49.9994288881372
6.47,49.9995909956239
6.48,49.9995715244568
6.49,49.9998610757681
6.5,49.9995369433842
6.51,49.9998249629822
6.52,49.9999822830859
6.53,49.9999991382247
6.54,50.000161938955
6.55,50.0003805153956
6.56,50.0005682887403
6.57,50.0006298931128
6.58,50.0005631883447
6.59,50.0005232750884
6.6,50.0004918628318
6.61,50.0004726022998
6.62,50.0006103462502
6.63,50.0005618110181
6.64,50.0003995916134
6.65,50.000656134459
6.66,50.0003304342761
6.67,50.0003389358539
6.68,50.0004364512131
6.69,50.0006559021321
6.7,50.0010313068514
6.71,50.0009193597299
6.72,50.0007905998155
6.73,50.0010678221058
6.74,50.0010448892205
6.75,50.0010555251146
6.76,50.0010705170839
6.77,50.0013126657804
6.78,50.0012663513026
6.79,50.0010877995365
6.8,50.0013716767764
6.81,50.0015426707064
6.82,50.0015878844219
6.83,50.0018565455773
6.84,50.0021422614816
6.85,50.0022528753977
6.86,50.0027653447028
6.87,50.0025646100434
6.88,50.0028659107071
6.89,50.0024964197187
6.9,50.0028285306669
6.91,50.002542250512
6.92,50.0033198661428
6.93,50.003192512363
6.94,50.0031428966934
6.95,50.0030319226852
6.96,50.0026325661008
6.97,50.0028178889649
6.98,50.0027987800332
6.99,50.0029466853022
7,50.002991832626
7.01,50.0028767673732
7.02,50.0030944777534
7.03,50.0026992788629
7.04,50.0031874627781
7.05,50.0029563379345
7.06,50.0028521817808
7.07,50.0026119157503
7.08,50.0024536997258
7.09,50.0021264117857
7.1,50.0015947061738
7.11,50.0018051269529
7.12,50.0016352015199
7.13,50.0016853161975
7.14,50.0017451991185
7.15,50.0016659711912
7.16,50.0016109962213
7.17,50.0017219594134
7.18,50.0015337246359
7.19,50.0015649720574
7.2,50.0014976882825
7.21,50.0014545972776
7.22,50.0013889979128
7.23,50.0017323081022
7.24,50.0015385812735
7.25,50.0014574489361
7.26,50.0015409908707
7.27,50.0016636363022
7.28,50.0017754828895
7.29,50.0020750131513
7.3,50.0022283466904
7.31,50.0019473413218
7.32,50.0020445921036
7.33,50.0023443424131
7.34,50.0024341921525
7.35,50.0025328609136
7.36,50.0024617408895
7.37,50.0025747512577
7.38,50.0026641778116
7.39,50.002436503072
7.4,50.0023056789843
7.41,50.0023307109368
7.42,50.0024324739097
7.43,50.0024598059996
7.44,50.0026677243359
7.45,50.0024860218857
7.46,50.0023045531338
7.47,50.0019249432839
7.48,50.002013196506
7.49,50.0019692712887
7.5,50.0021005213863
7.51,50.0019213334391
7.52,50.0021102435312
7.53,50.0019922112823
7.54,50.0018350579098
7.55,50.0017184276274
7.56,50.0013563489886
7.57,50.0012021162455
7.58,50.0012408196244
7.59,50.001165611233
7.6,50.0014743949696
7.61,50.0014669238756
7.62,50.0009303325887
7.63,50.0006835853169
7.64,50.000768047654
7.65,50.0007966614886
7.66,50.0007048498199
7.67,50.0005670528389
7.68,50.0005032140332
7.69,50.0001697405565
7.7,49.9998971785071
7.71,49.9996829813047
7.72,49.9997828905054
7.73,49.9997078522899
7.74,49.9999710531192
7.75,50.0000161230259
7.76,49.9996956556903
7.77,49.9993160145827
7.78,49.9993530032608
7.79,49.9994718227494
7.8,49.9995721382271
7.81,49.9997027118832
7.82,50.0000482743167
7.83,49.9997004511541
7.84,49.999542197779
7.85,50.0000412667468
7.86,50.0000811999407
7.87,50.0001356652601
7.88,50.0001678862417
7.89,50.0002453088354
7.9,50.0002163058589
7.91,50.000418098992
7.92,50.0000365793347
7.93,50.0002371996744
7.94,50.0005644054185
7.95,50.0006953086749
7.96,50.0011574014455
7.97,50.000886412673
7.98,50.00098250447
7.99,50.0007149719025
8,50.0004317791761
8.01,50.0002973574124
8.02,50.0002600549835
8.03,49.9999217776632
8.04,49.9997144323629
8.05,49.9995466022841
8.06,49.9996824600393
8.07,50.0000155885462
8.08,50.000062092288
8.09,50.0002184120074
8.1,50.0004577284084
8.11,50.000338972045
8.12,50.0004015856312
8.13,50.0000806635399
8.14,50.0000295352168
8.15,50.0000448825627
8.16,49.9998888849093
8.17,49.9997703185004
8.18,49.9998438883928
8.19,49.999644102691
8.2,49.9998605864571
8.21,49.9998535893006
8.22,50.0000345624644
8.23,50.00003776707
8.24,50.0003481712836
8.25,50.0001336450622
8.26,50.0000657039551
8.27,50.0002350959597
8.28,49.9998006125247
8.29,49.999570783968
8.3,49.9997388627741
8.31,50.0000159824059
8.32,49.9996601462944
8.33,49.9994595336977
8.34,49.999539165676
8.35,49.9994545012395
8.36,49.9997703859837
8.37,49.9996432146682
8.38,49.9996502931914
8.39,49.9997913582428
8.4,49.9999597385972
8.41,50.0000066429044
8.42,49.9996975038844
8.43,49.9996945600078
8.44,49.9993467611798
8.45,49.9996573629382
8.46,49.9997523832188
8.47,49.9999100090226
8.48,50.0000801252303
8.49,50.0000121914246
8.5,49.9998832155466
8.51,49.9998359642612
8.52,49.9994700513346
8.53,49.9995447237303
8.54,49.9992089763253
8.55,49.99915586983
8.56,49.9992394395701
8.57,49.9995881575238
8.58,49.9994205006897
8.59,49.999380454658
8.6,49.9993250569684
8.61,49.9989267753584
8.62,49.9988031823067
8.63,49.9990149043382
8.64,49.9992048790813
8.65,49.9988609852321
8.66,49.9992904913916
8.67,49.9992080947062
8.68,49.9990667868319
8.69,49.9988624768632
8.7,49.999022925802
8.71,49.9990304732688
8.72,49.9992638158339
8.73,49.9988562178264
8.74,49.9985247224305
8.75,49.9983667495487
8.76,49.9981850908057
8.77,49.9985017620059
8.78,49.9984246329078
8.79,49.9983986578151
8.8,49.9981527010868
8.81,49.9981948204032
8.82,49.9984181096585
8.83,49.9987399859573
8.84,49.9989579890353
8.85,49.9981669868876
8.86,49.9976499887146
8.87,49.9976303306425
8.88,49.9974482544587
8.89,49.9975891852423
8.9,49.9976081976364
8.91,49.9976682364659
8.92,49.9977867941926
8.93,49.9976408881226
8.94,49.9976133497504
8.95,49.9974908102456
8.96,49.9972289345576
8.97,49.9973294507109
8.98,49.9972473951798
8.99,49.9973773274681
9,49.9975530422859
9.01,49.9972578037142
9.02,49.9971167403534
9.03,49.9975701439569
9.04,49.9976052702153
9.05,49.9978148938024
9.06,49.997767035611
9.07,49.997746957194
9.08,49.9975982090666
9.09,49.9977056318422
9.1,49.9977941394358
9.11,49.9979268225933
9.12,49.9978103171965
9.13,49.9979355372851
9.14,49.9978366345678
9.15,49.9978861245306
9.16,49.9982201771394
9.17,49.99819925914
9.18,49.9983782725142
9.19,49.9982307530304
9.2,49.9980645546712
9.21,49.9980675376976
9.22,49.9979990997576
9.23,49.9980670554955
9.24,49.9979119966365
9.25,49.9979447233733
9.26,49.9978907781206
9.27,49.9972792580562
9.28,49.9976453532238
9.29,49.9975074632372
9.3,49.9972183478819
9.31,49.997268207917
9.32,49.9975547310976
9.33,49.9976284471585
9.34,49.9975915080722
9.35,49.9971652669532
9.36,49.996887621074
9.37,49.996748703996
9.38,49.9965566276024
9.39,49.9961543185846
9.4,49.9962053304192
9.41,49.9962032695415
9.42,49.9963824959717
9.43,49.9964278743987
9.44,49.9968573788992
9.45,49.9967737292701
9.46,49.9965660789235
9.47,49.9967295565688
9.48,49.9966093960507
9.49,49.9967013209114
9.5,49.9968114402323
9.51,49.9966937473172
9.52,49.9968370036433
9.53,49.9968089622716
9.54,49.9971467230801
9.55,49.997372347347
9.56,49.9971649284215
9.57,49.9969546954794
9.58,49.9967370000842
9.59,49.9968253148398
9.6,49.9969273547506
9.61,49.9970933452595
9.62,49.9973824484935
9.63,49.9973006748139
9.64,49.9975209757852
9.65,49.9980582779983
9.66,49.9980505188827
9.67,49.9984540412751
9.68,49.9985997414008
9.69,49.9989794325772
9.7,49.9989602979372
9.71,49.9988773799443
9.72,49.9990722021646
9.73,49.9993664219389
9.74,49.9993079631891
9.75,49.9997206118441
9.76,50.000001661696
9.77,49.9999540084319
9.78,50.0000539733021
9.79,50.0000267680975
9.8,50.0000412326965
9.81,50.0000690341669
9.82,49.9995357986547
9.83,49.9990407498116
9.84,49.9990071421889
9.85,49.9993738239876
9.86,49.999667795648
9.87,49.9995510200393
9.88,49.9994796088322
9.89,49.9994480677872
9.9,49.9994047343356
9.91,49.9991698252691
9.92,49.9991189260423
9.93,49.9990199338907
9.94,49.9991083373427
9.95,49.9994142001856
9.96,49.9995087196908
9.97,49.9996600427356
9.98,49.9996469356964
9.99,49.9998436265256
10,49.9998265802956
10.01,50.0000772869442
10.02,50.0003215439142
10.03,50.0002585936942
10.04,50.000127012674
10.05,50.0000169818052
10.06,50.0000570584065
10.07,49.9998343550847
10.08,49.999855918122
10.09,49.9996220099518
10.1,49.9995913684577
10.11,49.999541335495
10.12,49.9997971073764
10.13,49.9996937295968
10.14,49.9998174867801
10.15,49.9998518341056
10.16,49.9996059747616
10.17,49.9995242945482
10.18,49.9995482277037
10.19,49.9999336229753
10.2,49.999901750485
10.21,49.9998087839387
10.22,49.999869429712
10.23,49.9995354520065
10.24,49.9993838364323
10.25,49.9995255830875
10.26,49.9997451419045
10.27,50.0004430110667
10.28,50.0005338723137
10.29,50.000964502335
10.3,50.000965372715
10.31,50.0007616164892
10.32,50.0007163081449
10.33,50.0006809193216
10.34,50.0006364032049
10.35,50.0006244337413
10.36,50.0007738593912
10.37,50.0007904386128
10.38,50.000678590776
10.39,50.001156947316
10.4,50.0008295777044
10.41,50.0006776159261
10.42,50.0002377767896
10.43,50.0005009717176
10.44,50.0002531464224
10.45,50.0001822476514
10.46,50.0005350912309
10.47,50.0004049614889
10.48,50.000262696784
10.49,50.0002244627992
10.5,50.0000095687263
10.51,50.0000521097709
10.52,50.0000832065883
10.53,50.0001138790098
10.54,50.0002297171526
10.55,50.0001473180259
10.56,50.0001616803656
10.57,50.0005216564733
10.58,50.0009860687361
10.59,50.0009302559418
10.6,50.000924599018
10.61,50.0009157642394
10.62,50.0009102679262
10.63,50.0009921897498
10.64,50.0006426104466
10.65,50.0001799878651
10.66,50.0001350727802
10.67,49.9999361469783
10.68,50.000068027147
10.69,49.9999322054828
10.7,49.9995843389242
10.71,49.9998431044116
10.72,49.9997623738322
10.73,49.99992813831
10.74,49.9999597526002
10.75,49.9995621222985
10.76,49.9993834831903
10.77,49.999241536683
10.78,49.9993942399126
10.79,49.9995544955397
10.8,49.9996413995037
10.81,49.9994414789031
10.82,49.9994902714042
10.83,49.9993861276941
10.84,49.9991133893499
10.85,49.9987820404517
10.86,49.9988824060889
10.87,49.9990678860941
10.88,49.9993542331332
10.89,49.99920783022
10.9,49.9991374255334
10.91,49.9992538884288
10.92,49.9991464550211
10.93,49.9991373865223
10.94,49.9987293407607
10.95,49.9986839005542
10.96,49.9988408325831
10.97,49.9987116935697
10.98,49.9988108759335
10.99,49.9987060314073
11,49.9988408339714
11.01,49.9990510033105
11.02,49.9989390673787
11.03,49.9987848294044
11.04,49.9990286487497
11.05,49.999260287803
11.06,49.9991066106773
11.07,49.9995930963729
11.08,50.0000490264819
11.09,50.0000927324222
11.1,49.9999318189244
11.11,50.0001360560256
11.12,49.9997810428589
11.13,50.0001440272054
11.14,49.9999031030071
11.15,50.0000062557439
11.16,49.999990916901
11.17,50.0000832387932
11.18,49.9998361956162
11.19,49.9997199987332
11.2,49.9997737642647
11.21,50.0001806925771
11.22,50.000086681156
11.23,50.0006890820373
11.24,50.0008288717082
11.25,50.0004710628836
11.26,50.0004004216401
11.27,49.9999911648379
11.28,50.0003066415499
11.29,50.0000378702916
11.3,50.0002471969312
11.31,50.000404522162
11.32,50.0004073397977
11.33,50.0001774753946
11.34,50.0001071555284
11.35,50.0000894686883
11.36,50.0000670518312
11.37,50.000192596264
11.38,50.0007644181073
11.39,50.0009770172411
11.4,50.0011463344306
11.41,50.0012652267967
11.42,50.0016618332704
11.43,50.0014636772138
11.44,50.0015184235601
11.45,50.0016178264593
11.46,50.0014503945369
11.47,50.0013870851971
11.48,50.001646963758
11.49,50.0012899653905
11.5,50.0015758668934
11.51,50.0016026030339
11.52,50.0018773810076
11.53,50.0018900703008
11.54,50.0020427093576
11.55,50.0018529358362
11.56,50.0018223618156
11.57,50.0016081391094
11.58,50.0015066154843
11.59,50.0013731389946
11.6,50.0011196513499
11.61,50.0011364532972
11.62,50.0012532999267
11.63,50.0015322535775
11.64,50.0015385579062
11.65,50.0015516153316
11.66,50.0018227036341
11.67,50.0017309220587
11.68,50.0015776026601
11.69,50.0014572362618
11.7,50.0022936518692
11.71,50.0021460934606
11.72,50.0019710336318
11.73,50.0017140517158
11.74,50.0020857704152
11.75,50.0022141030469
11.76,50.0022177683016
11.77,50.0024088600944
11.78,50.002150003177
11.79,50.0019906385295
11.8,50.0020653122224
11.81,50.0022221822945
11.82,50.0024316649672
11.83,50.0026810244432
11.84,50.0028578006703
11.85,50.0032125907983
11.86,50.00300077777
11.87,50.0027810140887
11.88,50.0030656299804
11.89,50.0030506465976
11.9,50.0033316384988
11.91,50.0032460493269
11.92,50.0033530252355
11.93,50.0034511362978
11.94,50.0036478891823
11.95,50.003296338034
11.96,50.0030091499832
11.97,50.0031612016485
11.98,50.0030994719917
11.99,50.0033187162706
12,50.0026926419387
12.01,50.0027771305262
12.02,50.0027204694928
12.03,50.0027025124703
12.04,50.002608350468
12.05,50.0024051872067
12.06,50.0027126771642
12.07,50.00253660767
12.08,50.0024221122952
12.09,50.0024731430662
12.1,50.0025070362061
12.11,50.0022521044646
12.12,50.0026354390512
12.13,50.0023520878676
12.14,50.002621000672
12.15,50.0025668039858
12.16,50.0024409464662
12.17,50.0025247481642
12.18,50.0025533663545
12.19,50.0025030723546
12.2,50.002595992558
12.21,50.0023318517616
12.22,50.0021843853808
12.23,50.0020638828713
12.24,50.0020375434881
12.25,50.0022098082884
12.26,50.0022974336353
12.27,50.0023972549188
12.28,50.001921711153
12.29,50.0019590102403
12.3,50.001563026635
12.31,50.0014019847522
12.32,50.0016945902682
12.33,50.0019509517844
12.34,50.0020949192221
12.35,50.0025554486728
12.36,50.0025135159333
12.37,50.0026306581964
12.38,50.0025416017544
12.39,50.0024368557978
12.4,50.0023479586246
12.41,50.0021689256525
12.42,50.0020254485115
12.43,50.0020721409687
12.44,50.0017327195023
12.45,50.0014574433038
12.46,50.0014899126789
12.47,50.0012295286306
12.48,50.0009381881364
12.49,50.0012389830188
12.5,50.0010438362363
12.51,50.001201373146
12.52,50.0010471488039
12.53,50.0010286738177
12.54,50.0009061888988
12.55,50.0011262935625
12.56,50.0014022311405
12.57,50.0012795314518
12.58,50.0011949026745
12.59,50.0013133290618
12.6,50.0017384596403
12.61,50.0019773204579
12.62,50.002124278725
12.63,50.0018432447597
12.64,50.0018496469148
12.65,50.0017242784556
12.66,50.0014394367695
12.67,50.0014469266498
12.68,50.0010099153033
12.69,50.001101092228
12.7,50.0008328078874
12.71,50.0006816909845
12.72,50.0007151228814
12.73,50.0008745542455
12.74,50.0007828828982
12.75,50.0009384038762
12.76,50.0007263848586
12.77,50.0005169725674
12.78,50.0007570526813
12.79,50.0010874790865
12.8,50.0009343027875
12.81,50.001005339894
12.82,50.0011957187058
12.83,50.001598736754
12.84,50.001863943093
12.85,50.0013499008847
12.86,50.0012471815108
12.87,50.0012846594282
12.88,50.0010522192562
12.89,50.0009374094184
12.9,50.0009221321043
12.91,50.0012643874744
12.92,50.0011722582572
12.93,50.0011381820155
12.94,50.0010970181498
12.95,50.0012244194422
12.96,50.0015797448858
12.97,50.0016675172221
12.98,50.0014948528266
12.99,50.0010343696545
13,50.0017010958117
13.01,50.0016654301802
13.02,50.0016134653578
13.03,50.0019726643387
13.04,50.0020149766438
13.05,50.0020969628677
13.06,50.0021979816674
13.07,50.002382518958
13.08,50.0022078172713
13.09,50.002465750113
13.1,50.0026439179641
13.11,50.0026264081032
13.12,50.0023959497216
13.13,50.0025139920167
13.14,50.0024290877685
13.15,50.002393619031
13.16,50.0027262386199
13.17,50.0028883152171
13.18,50.0028465684734
13.19,50.0023166576547
13.2,50.0020537171456
13.21,50.0021043834275
13.22,50.002133002983
13.23,50.0019719678878
13.24,50.00217030204
13.25,50.0020974490012
13.26,50.002324611636
13.27,50.0026620954812
13.28,50.0031954308701
13.29,50.0029986303218
13.3,50.0028710989857
13.31,50.0026237230828
13.32,50.0023355092703
13.33,50.0020718041746
13.34,50.0019710946885
13.35,50.0017395876291
13.36,50.0019827774989
13.37,50.0018894007298
13.38,50.00150734065
13.39,50.0012340043907
13.4,50.0015550500001
13.41,50.0015874901896
13.42,50.0018571333062
13.43,50.0020240637258
13.44,50.0023376038962
13.45,50.0028913365104
13.46,50.0027859295934
13.47,50.0030800865254
13.48,50.0028184872522
13.49,50.0027352573783
13.5,50.0029986074079
13.51,50.002877395381
13.52,50.0030797588843
13.53,50.0033430982789
13.54,50.0034875405775
13.55,50.0031788423764
13.56,50.0032835230068
13.57,50.003326149905
13.58,50.0032447718976
13.59,50.0030248432398
13.6,50.002596785874
13.61,50.0025237062137
13.62,50.0018788657113
13.63,50.0018081387903
13.64,50.0015678701392
13.65,50.0018267851663
13.66,50.0018186787954
13.67,50.0020908770932
13.68,50.0024498036062
13.69,50.0025028834096
13.7,50.0021903542517
13.71,50.0024262249735
13.72,50.0024892962785
13.73,50.0026795294655
13.74,50.0023900314318
13.75,50.002196203996
13.76,50.0023914303552
13.77,50.0021464630342
13.78,50.0015235944959
13.79,50.0013060929013
13.8,50.0011020142163
13.81,50.0007935584468
13.82,50.0006516608271
13.83,50.0002766436798
13.84,49.9998348809239
13.85,50.0002974118891
13.86,50.0004460245909
13.87,50.0006664175336
13.88,50.0005088396576
13.89,50.0006535308534
13.9,50.0004499235035
13.91,50.0002137669462
13.92,50.0001118110967
13.93,50.0003071446997
13.94,50.0005558432523
13.95,50.0009330705917
13.96,50.000486012686
13.97,50.0005101416276
13.98,50.0008534716206
13.99,50.0010440743964
14,50.0005940177114
14.01,50.0005223889791
14.02,50.0003757769199
14.03,50.0001307204392
14.04,50.0000223214342
14.05,50.0002298245858
14.06,49.9999119462093
14.07,49.9999103547901
14.08,50.0000434018711
14.09,49.9998404640397
14.1,49.9997178583072
14.11,49.9996029677762
14.12,49.9996878781306
14.13,49.9997101893923
14.14,49.9996709629273
14.15,49.9992372719341
14.16,49.9989849173662
14.17,49.9988037573459
14.18,49.9989305176375
14.19,49.9991951668779
14.2,49.9991806543946
14.21,49.9988979324167
14.22,49.9990633077718
14.23,49.9990791314585
14.24,49.9987199290111
14.25,49.9989421134471
14.26,49.998498047546
14.27,49.997786859804
14.28,49.9971837481221
14.29,49.9976213241766
14.3,49.9979432741983
14.31,49.9982359058237
14.32,49.9985652735852
14.33,49.998909909315
14.34,49.9989124240812
14.35,49.999000429915
14.36,49.9988008742816
14.37,49.9985608696647
14.38,49.9985643265828
14.39,49.9984141041133
14.4,49.998140197213
14.41,49.9983879094093
14.42,49.9982873038126
14.43,49.9979770680071
14.44,49.9979911642162
14.45,49.9975753203572
14.46,49.9974393010568
14.47,49.9974448098138
14.48,49.9975814142073
14.49,49.9974822413737
14.5,49.9973868913995
14.51,49.997251645543
14.52,49.9971704472262
14.53,49.996866691471
14.54,49.9962293224538
14.55,49.9964906481703
14.56,49.9965167466099
14.57,49.9967682939265
14.58,49.9968064791197
14.59,49.9967641992168
14.6,49.9969943903461
14.61,49.9971443473529
14.62,49.9977768797608
14.63,49.9979338540395
14.64,49.9982690579022
14.65,49.9983006629652
14.66,49.9982340280071
14.67,49.9980010337793
14.68,49.9981263367128
14.69,49.9981556789063
14.7,49.9983623387569
14.71,49.9983569834167
14.72,49.9984313277212
14.73,49.9981094298455
14.74,49.9983956813014
14.75,49.9983926569607
14.76,49.9981929685485
14.77,49.9987514673894
14.78,49.9993200392638
14.79,49.9991515387727
14.8,49.9993288831734
14.81,49.9995954055383
14.82,49.9994482242066
14.83,49.9993245439648
14.84,49.999467314154
14.85,49.9992599138125
14.86,49.9993822386972
14.87,49.9993172812229
14.88,49.9994485034905
14.89,49.999164980522
14.9,49.9989789067269
14.91,49.9991199260616
14.92,49.9991438950665
14.93,49.998800387706
14.94,49.9985490695971
14.95,49.998312101994
14.96,49.99845903852
14.97,49.9985710341278
14.98,49.9985177204096
14.99,49.9990238261613
15,49.9992543624399
15.01,49.9991505000462
15.02,49.999445540333
15.03,49.9993584162389
15.04,49.9994312893549
15.05,49.9992795704061
15.06,49.9993438229075
15.07,49.9993712155109
15.08,49.9989919668923
15.09,49.9991452954333
15.1,49.9992303842914
15.11,49.9993830889614
15.12,49.9995665088977
15.13,49.9992953983668
15.14,49.9995725968881
15.15,49.9998373876626
15.16,50.0000386813195
15.17,49.9997255723113
15.18,49.9994949575675
15.19,50.0001301160915
15.2,50.0003141431695
15.21,50.0005275125385
15.22,50.0002821157022
15.23,50.0002146697769
15.24,50.0000693311377
15.25,49.9998901597261
15.26,49.9999047835238
15.27,50.0003765636584
15.28,50.0006670345047
15.29,50.0005286380224
15.3,50.0006175759535
15.31,50.0008112559613
15.32,50.0006080153892
15.33,50.0004144707159
15.34,50.0007276906264
15.35,50.0006057054031
15.36,50.0008167470167
15.37,50.0009873285512
15.38,50.001124464694
15.39,50.0013672434375
15.4,50.0014129474608
15.41,50.0011185740734
15.42,50.0011065852545
15.43,50.0012802410488
15.44,50.0013915056504
15.45,50.001495189741
15.46,50.0019577649721
15.47,50.0019690701686
15.48,50.0022284953288
15.49,50.002423280406
15.5,50.0019808433234
15.51,50.0020444132577
15.52,50.0021818356981
15.53,50.0023641638835
15.54,50.0028393928655
15.55,50.0027165077963
15.56,50.0025519488384
15.57,50.002331617169
15.58,50.0024697753897
15.59,50.0025616154076
15.6,50.0024425472369
15.61,50.0019961147086
15.62,50.002155005276
15.63,50.0025141517905
15.64,50.0019594545391
15.65,50.0018999448672
15.66,50.0018611273443
15.67,50.0018765558693
15.68,50.0018275065294
15.69,50.0017872476703
15.7,50.0016335848432
15.71,50.0015159197355
15.72,50.0015810043607
15.73,50.0018046964459
15.74,50.0017697570871
15.75,50.0017583786377
15.76,50.0022514850143
15.77,50.0020738671535
15.78,50.0020837643891
15.79,50.0021089024448
15.8,50.0023246115952
15.81,50.00208767882
15.82,50.0022110245731
15.83,50.0024856474776
15.84,50.0025169886954
15.85,50.0025755510062
15.86,50.0026119684739
15.87,50.0027342217516
15.88,50.0026411173764
15.89,50.0026824909211
15.9,50.0027350195258
15.91,50.0025552254819
15.92,50.0024417666586
15.93,50.002376696733
15.94,50.0025317039021
15.95,50.0021863298286
15.96,50.0020307041123
15.97,50.0018484261753
15.98,50.0019647306099
15.99,50.0015958224067
16,50.0018830340381
16.01,50.0017912972594
16.02,50.002006320756
16.03,50.0019682957583
16.04,50.0021544330453
16.05,50.0022983389277
16.06,50.0023018867043
16.07,50.0019816722876
16.08,50.0025538450642
16.09,50.0023005972334
16.1,50.002419808043
16.11,50.0024341503033
16.12,50.002466696856
16.13,50.0023711916135
16.14,50.0022417251623
16.15,50.002376945296
16.16,50.0021715714829
16.17,50.0023087729283
16.18,50.0023423115
16.19,50.0017808107027
16.2,50.0015353734597
16.21,50.0017872458061
16.22,50.0019339419982
16.23,50.0015807958579
16.24,50.0020955551595
16.25,50.0022021468978
16.26,50.0025378152832
16.27,50.0024682575152
16.28,50.0023535270019
16.29,50.0024858859747
16.3,50.0020598312949
16.31,50.0021762585737
16.32,50.0024523429596
16.33,50.0024547228957
16.34,50.0020146715434
16.35,50.0022976283711
16.36,50.0018621757922
16.37,50.0022126228312
16.38,50.0021129853761
16.39,50.0019268024981
16.4,50.0022060300698
16.41,50.0027988126406
16.42,50.0028226493315
16.43,50.0029159512481
16.44,50.0026798599924
16.45,50.003000008568
16.46,50.0026876905747
16.47,50.0025428785688
16.48,50.0027732996568
16.49,50.0027236504442
16.5,50.0031488027792
16.51,50.0033792502881
16.52,50.0031756568551
16.53,50.0029068716118
16.54,50.0032169664532
16.55,50.0035075803414
16.56,50.0035102785597
16.57,50.0036664869274
16.58,50.0034815722353
16.59,50.0036196249521
16.6,50.0036184906365
16.61,50.0039781803772
16.62,50.0034539665561
16.63,50.0032613609543
16.64,50.0034386933352
16.65,50.0031582761141
16.66,50.0030074014218
16.67,50.0028727489115
16.68,50.0028771241915
16.69,50.0031063324755
16.7,50.0030805781497
16.71,50.0032676102151
16.72,50.0030391582378
16.73,50.0027707167097
16.74,50.0026050334463
16.75,50.0025759052194
16.76,50.0021478617161
16.77,50.0021843943546
16.78,50.0020836353086
16.79,50.0022069348239
16.8,50.0021008215792
16.81,50.0020512628281
16.82,50.0022548999336
16.83,50.0022649496617
16.84,50.002311284628
16.85,50.002338376456
16.86,50.0021526246034
16.87,50.0019805350965
16.88,50.0021931278966
16.89,50.002565668603
16.9,50.0027509758673
16.91,50.0029221054563
16.92,50.0032964336807
16.93,50.0038031502782
16.94,50.0038063654481
16.95,50.00421784184
16.96,50.0044255791459
16.97,50.0044585697994
16.98,50.0042340495218
16.99,50.0042038077773
17,50.004111570079
17.01,50.0043039088266
17.02,50.004154364451
17.03,50.0039778200395
17.04,50.0038786612771
17.05,50.0038123390028
17.06,50.0040028534569
17.07,50.0039590010161
17.08,50.0038972052956
17.09,50.0039077959745
17.1,50.0033740345618
17.11,50.0034456038122
17.12,50.0033685606873
17.13,50.0038875815057
17.14,50.0035942346449
17.15,50.0035106623655
17.16,50.0033013687163
17.17,50.0034093400985
17.18,50.0037330959817
17.19,50.0040146003514
17.2,50.0041730648209
17.21,50.0039235798145
17.22,50.0039873155325
17.23,50.0043052795215
17.24,50.0040852714081
17.25,50.0040982409508
17.26,50.0038648596402
17.27,50.0039695349505
17.28,50.0038775612114
17.29,50.003737102504
17.3,50.0040673335806
17.31,50.0034838891458
17.32,50.0033369039064
17.33,50.003103992799
17.34,50.0033102557257
17.35,50.0032276578579
17.36,50.0032982874117
17.37,50.003270132271
17.38,50.0034221412221
17.39,50.0034583176192
17.4,50.003412891312
17.41,50.0028328429278
17.42,50.002841448348
17.43,50.0022861057357
17.44,50.0023800650877
17.45,50.0018742969741
17.46,50.002027079829
17.47,50.0022546987286
17.48,50.0019576377773
17.49,50.0020494136757
17.5,50.0020005923852
17.51,50.0020790869503
17.52,50.0020266970651
17.53,50.0021925354199
17.54,50.0017366111965
17.55,50.0016282921927
17.56,50.0016352275043
17.57,50.0012353952323
17.58,50.001422144919
17.59,50.0015388977077
17.6,50.0014393531111
17.61,50.0015391394087
17.62,50.0018249761774
17.63,50.0016048828047
17.64,50.0016783320824
17.65,50.0017613849589
17.66,50.0021597105684
17.67,50.0020361540711
17.68,50.0020469746599
17.69,50.0018127187884
17.7,50.0018157791479
17.71,50.001760215182
17.72,50.0018377054515
17.73,50.0018160671172
17.74,50.0019140591879
17.75,50.0020432384302
17.76,50.0024506192633
17.77,50.0024567793608
17.78,50.0024167328651
17.79,50.0025617116694
17.8,50.0024225951721
17.81,50.0025444559158
17.82,50.0023421829943
17.83,50.0021027303596
17.84,50.0020838528406
17.85,50.0022423774365
17.86,50.0025529251826
17.87,50.0022876041511
17.88,50.0020156454466
17.89,50.0021606740944
17.9,50.0022364272048
17.91,50.0023668354488
17.92,50.0021426868097
17.93,50.0020163025205
17.94,50.0021929606072
17.95,50.00179049985
17.96,50.0019465905187
17.97,50.001953241349
17.98,50.0017957561923
17.99,50.0015987439589
18,50.0011389129641
18.01,50.0013456198839
18.02,50.0009447755128
18.03,50.0015045437852
18.04,50.0017058260342
18.05,50.001468125215
18.06,50.0011399013141
18.07,50.001483723101
18.08,50.0012551820012
18.09,50.0013306306723
18.1,50.0014854967991
18.11,50.0013916365589
18.12,50.0011843971937
18.13,50.0007422439686
18.14,50.0007385591693
18.15,50.0005438014358
18.16,50.0003979109527
18.17,50.0005059035841
18.18,50.0005086878
18.19,50.0002731435763
18.2,50.0001544600132
18.21,50.0001743886898
18.22,50.0001493349695
18.23,50.0000956464353
18.24,50.00011132529
18.25,50.0006276929382
18.26,50.0008508493338
18.27,50.0007995003945
18.28,50.0009169671192
18.29,50.0009123971665
18.3,50.0006228289432
18.31,50.0013667923613
18.32,50.0010266515175
18.33,50.001458402603
18.34,50.0015398319865
18.35,50.0016342783286
18.36,50.0015896040952
18.37,50.001123898376
18.38,50.0010026395766
18.39,50.0012038665437
18.4,50.0010555131395
18.41,50.001456443508
18.42,50.0014005049683
18.43,50.0017973559919
18.44,50.0020061570041
18.45,50.0023285901699
18.46,50.0021263727655
18.47,50.0020324132252
18.48,50.0019115476286
18.49,50.0018513653926
18.5,50.0017068073772
18.51,50.0013753782089
18.52,50.0014560056851
18.53,50.0015447408673
18.54,50.0018223188747
18.55,50.0015895155882
18.56,50.0016741346539
18.57,50.0020200673508
18.58,50.0020570976003
18.59,50.0016994378254
18.6,50.0017540050807
18.61,50.0015940876352
18.62,50.0014553117568
18.63,50.0014423623248
18.64,50.0015555960494
18.65,50.0016857650272
18.66,50.0017120378688
18.67,50.0020531711691
18.68,50.0021529399961
18.69,50.0021498135374
18.7,50.0024995218121
18.71,50.0025252126655
18.72,50.0024997798184
18.73,50.0024367394316
18.74,50.0025869537114
18.75,50.0023338380748
18.76,50.0018262893264
18.77,50.001497023953
18.78,50.0015649562319
18.79,50.0013607973853
18.8,50.0012927792891
18.81,50.0009818209868
18.82,50.0007492255147
18.83,50.0010375407175
18.84,50.0009338209878
18.85,50.0006580907479
18.86,50.0004345376707
18.87,50.001043607739
18.88,50.0014061689259
18.89,50.0010879421659
18.9,50.0009791794808
18.91,50.000926069807
18.92,50.0008158051816
18.93,50.0006693500864
18.94,50.0002253140839
18.95,50.0005473217969
18.96,50.0003799701773
18.97,50.0002642182348
18.98,50.0005723468279
18.99,50.0008337806577
19,50.0010027056266
19.01,50.000640584687
19.02,50.0010300763288
19.03,50.0005062826904
19.04,50.000469043856
19.05,50.0006643230731
19.06,50.0009395642362
19.07,50.0006848850575
19.08,50.0005008553741
19.09,50.0004220703378
19.1,50.0004245607087
19.11,50.0007433746694
19.12,50.0005425291024
19.13,50.00070561223
19.14,50.0008641380381
19.15,50.0013844037247
19.16,50.0019281976519
19.17,50.001857746464
19.18,50.0016018798453
19.19,50.0013184435451
19.2,50.0012714786427
19.21,50.0012273798474
19.22,50.0012129766473
19.23,50.0014076776326
19.24,50.001233507857
19.25,50.0010563932637
19.26,50.0009544674574
19.27,50.0011251788908
19.28,50.0016262858462
19.29,50.001532641105
19.3,50.0016777494356
19.31,50.0013220913935
19.32,50.001407010639
19.33,50.0010907090757
19.34,50.0009117632166
19.35,50.0008875341905
19.36,50.0011092540857
19.37,50.001453074831
19.38,50.001513458569
19.39,50.001222826055
19.4,50.0012750147073
19.41,50.0010222159385
19.42,50.0009494620048
19.43,50.0010338645283
19.44,50.0007610854395
19.45,50.0006424495579
19.46,50.0009447692391
19.47,50.0010817640027
19.48,50.0010050154458
19.49,50.0007996868646
19.5,50.0007440967062
19.51,50.0007278500215
19.52,50.0006213334296
19.53,50.0007759756781
19.54,50.0006869236478
19.55,50.0008471563092
19.56,50.0005333989227
19.57,50.0000931504632
19.58,50.000159576437
19.59,50.0001704151581
19.6,50.0002882967772
19.61,50.0004915395645
19.62,50.0003764132326
19.63,50.0001161120769
19.64,49.9998920224912
19.65,49.9997705148743
19.66,49.9997653008961
19.67,49.9994639539147
19.68,49.9991812603261
19.69,49.9987494758349
19.7,49.9986653076183
19.71,49.9985341365882
19.72,49.9984239225495
19.73,49.9983268041552
19.74,49.9981371628248
19.75,49.9983606567501
19.76,49.998666840635
19.77,49.9988913315731
19.78,49.998644776013
19.79,49.9987877073806
19.8,49.9987968042506
19.81,49.999060591609
19.82,49.9991213555849
19.83,49.998919865534
19.84,49.9989837939861
19.85,49.9991892726079
19.86,49.9991204283061
19.87,49.9987768821176
19.88,49.9982810885754
19.89,49.9983924026563
19.9,49.998316804863
19.91,49.9985381299549
19.92,49.9986983310288
19.93,49.9987347272665
19.94,49.9987794608834
19.95,49.9986486860536
19.96,49.9986699493698
19.97,49.99891683561
19.98,49.9985853205863
19.99,49.9983832216678
20,49.9985372464213
20.01,49.9987913411856
20.02,49.9985598564628
20.03,49.9987103427035
20.04,49.9984791403064
20.05,49.9984965156131
20.06,49.9985656513444
20.07,49.9988673882325
20.08,49.9990446770364
20.09,49.9990519070352
20.1,49.9990998640448
20.11,49.9989355946522
20.12,49.9990069796676
20.13,49.9989006417298
20.14,49.9991729659114
20.15,49.9987821946512
20.16,49.9987169413595
20.17,49.9985137383817
20.18,49.9987156163278
20.19,49.9989737902828
20.2,49.9994153534389
20.21,49.9994218168607
20.22,49.9993874539757
20.23,49.9995856545731
20.24,49.9996480231585
20.25,49.9991077644127
20.26,49.9990860999708
20.27,49.9989179782396
20.28,49.9982425588303
20.29,49.9982508176422
20.3,49.9983727752105
20.31,49.9984938435898
20.32,49.9986444543281
20.33,49.9988802639133
20.34,49.9990612656801
20.35,49.9990732998539
20.36,49.9990051480378
20.37,49.9990595877919
20.38,49.9988666033433
20.39,49.9989800185418
20.4,49.9988516705639
20.41,49.998890519224
20.42,49.9989811136262
20.43,49.9989598420635
20.44,49.9989951520695
20.45,49.9990540779529
20.46,49.9989666859378
20.47,49.9988215212374
20.48,49.998806306416
20.49,49.9989184070641
20.5,49.9989383344014
20.51,49.9990569072213
20.52,49.9990739142901
20.53,49.998906091291
20.54,49.9987713235312
20.55,49.9986509289075
20.56,49.9989283768395
20.57,49.9989888974866
20.58,49.9983924310073
20.59,49.998581249257
20.6,49.9986635658772
20.61,49.9981707058928
20.62,49.9980389075171
20.63,49.9982559977866
20.64,49.9985753885151
20.65,49.9984312608892
20.66,49.9979903055536
20.67,49.9981297956287
20.68,49.9984768529725
20.69,49.9989594857872
20.7,49.9986779247344
20.71,49.9988201664128
20.72,49.9988360399061
20.73,49.9991851874118
20.74,49.9991037352496
20.75,49.9991509710366
20.76,49.9988409210549
20.77,49.9987299798712
20.78,49.9989241816011
20.79,49.9986675781037
20.8,49.998800816573
20.81,49.9988476704938
20.82,49.9990543439729
20.83,49.9990790036802
20.84,49.9994694951591
20.85,49.9994727821379
20.86,49.9995217850241
20.87,49.9996887910328
20.88,49.9998837315402
20.89,49.9997463193101
20.9,49.9998563957716
20.91,49.9992161540178
20.92,49.9991513028003
20.93,49.9989606816837
20.94,49.9990778584325
20.95,49.9989772485333
20.96,49.9989989319431
20.97,49.9984579299448
20.98,49.9986183708869
20.99,49.9986714142395
21,49.998570059945
21.01,49.9985972836869
21.02,49.9986427288522
21.03,49.9988254246383
21.04,49.9987641711632
21.05,49.9990685262969
21.06,49.9989415590815
21.07,49.9984813541456
21.08,49.9984403986459
21.09,49.9986939312922
21.1,49.9987507024499
21.11,49.9987057463647
21.12,49.9988472742756
21.13,49.9990608429747
21.14,49.9992355706947
21.15,49.9993225762937
21.16,49.9992226204505
21.17,49.9993825914321
21.18,49.9992433252785
21.19,49.9993366900394
21.2,49.9993488558806
21.21,49.9992382648326
21.22,49.9994563474831
21.23,49.9991440741295
21.24,49.9992638503053
21.25,49.9993233657416
21.26,49.9989755371193
21.27,49.9988292468741
21.28,49.9988526828099
21.29,49.9989402117129
21.3,49.9990321253083
21.31,49.9989293677278
21.32,49.9988749741801
21.33,49.9988344921542
21.34,49.9986375033923
21.35,49.9984450070877
21.36,49.9984881279965
21.37,49.9984309207482
21.38,49.9985074804138
21.39,49.9984414024672
21.4,49.9986306856207
21.41,49.998592884335
21.42,49.99832654058
21.43,49.9980098179885
21.44,49.9979899621235
21.45,49.9980023401296
21.46,49.9981082433766
21.47,49.9982049589081
21.48,49.9983180101328
21.49,49.9985587321674
21.5,49.9985431509521
21.51,49.9986090746438
21.52,49.9985470593193
21.53,49.9984440963591
21.54,49.9982390967107
21.55,49.998302383635
21.56,49.9980568072553
21.57,49.998376879387
21.58,49.9988441728563
21.59,49.9990195905663
21.6,49.9990865861168
21.61,49.9993590263139
21.62,49.9997190887444
21.63,49.9998566764153
21.64,49.9996262275748
21.65,49.999876670771
21.66,50.0002281572211
21.67,50.0001503737951
21.68,49.9997170483403
21.69,49.9995193281142
21.7,49.9998019536508
21.71,49.9999462262208
21.72,50.0000743356915
21.73,49.9996847362548
21.74,49.9999270633975
21.75,49.999924211401
21.76,50.0003776340657
21.77,50.0006278654344
21.78,50.000701492783
21.79,50.0011084197165
21.8,50.0011606356939
21.81,50.0012471309999
21.82,50.0012435121616
21.83,50.0014610429872
21.84,50.0009032833999
21.85,50.0007378233827
21.86,50.0009408102389
21.87,50.0008132367366
21.88,50.0008077061581
21.89,50.0009325082184
21.9,50.0006944339028
21.91,50.0012054424814
21.92,50.0008206689615
21.93,50.0011266720102
21.94,50.001163909435
21.95,50.0014961253762
21.96,50.0013922819148
21.97,50.001562307717
21.98,50.0015350187846
21.99,50.0017271904745
22,50.0017269319427
22.01,50.0016385863766
22.02,50.0016427791761
22.03,50.0018561575631
22.04,50.0020842100927
22.05,50.0016330301614
22.06,50.0015535147636
22.07,50.0017140320086
22.08,50.0018479801863
22.09,50.0015335733737
22.1,50.0012674201377
22.11,50.0010194277228
22.12,50.0009330218118
22.13,50.0009423506333
22.14,50.0003168024651
22.15,50.0004055288743
22.16,50.000405811051
22.17,50.0004473661517
22.18,50.0001893469278
22.19,50.0002857393027
22.2,49.9999372243561
22.21,50.0000409311637
22.22,49.999760432374
22.23,49.9998030820892
22.24,49.9995284385473
22.25,49.999672846408
22.26,49.9995155871538
22.27,49.99998479152
22.28,50.0001729824708
22.29,49.9999966974477
22.3,49.9995195934152
22.31,49.9996040170006
22.32,49.9998298100212
22.33,49.9995675660476
22.34,49.9997378304134
22.35,49.9997504421914
22.36,49.9999459679125
22.37,50.0000033820781
22.38,50.000202678311
22.39,50.00045213567
22.4,50.0001529272817
22.41,50.0002646261981
22.42,50.0006560613798
22.43,50.0009528372963
22.44,50.0009909015937
22.45,50.0010434576649
22.46,50.0009702328929
22.47,50.0006390535159
22.48,50.0007642299843
22.49,50.0004472948408
22.5,50.0007281902061
22.51,50.000587911585
22.52,50.0004760864638
22.53,50.0003775578523
22.54,50.0005460624351
22.55,50.0006158929096
22.56,50.0008141276281
22.57,50.0010209607067
22.58,50.000922672582
22.59,50.0007345144121
22.6,50.0006272793976
22.61,50.0006948682496
22.62,50.0006714018256
22.63,50.0004165890699
22.64,50.0005636758266
22.65,50.0006181193762
22.66,50.000300550216
22.67,50.0002575781378
22.68,50.0002517224467
22.69,50.0003387908613
22.7,49.999890196282
22.71,49.9997698224873
22.72,49.9995311486848
22.73,49.999687691192
22.74,49.9995502500897
22.75,49.9992816022174
22.76,49.9989614490873
22.77,49.9985327816403
22.78,49.998614855283
22.79,49.9984372947428
22.8,49.9982545670277
22.81,49.9981014860686
22.82,49.9979867773064
22.83,49.9980039662517
22.84,49.9980333165481
22.85,49.9982502264237
22.86,49.9981115922629
22.87,49.9978561529505
22.88,49.9978263624192
22.89,49.9978920159715
22.9,49.9979229260803
22.91,49.9977733966391
22.92,49.9977852276127
22.93,49.9974951561048
22.94,49.9972880277407
22.95,49.9970983605605
22.96,49.9973487962534
22.97,49.997386478961
22.98,49.9972039100725
22.99,49.997179983782
23,49.9971628109735
23.01,49.9969696750249
23.02,49.9972261155799
23.03,49.9972921448113
23.04,49.9970297777731
23.05,49.9970609093011
23.06,49.9970217224762
23.07,49.9972645027292
23.08,49.9970392658239
23.09,49.9972409178359
23.1,49.9972864553281
23.11,49.9973419605591
23.12,49.9976737345441
23.13,49.997387748378
23.14,49.9974224862769
23.15,49.9973753846081
23.16,49.9970603327829
23.17,49.9970080267909
23.18,49.99721552412
23.19,49.9970554154179
23.2,49.9972132436266
23.21,49.9969964642942
23.22,49.9970023936056
23.23,49.9970273120891
23.24,49.9970436459491
23.25,49.9970804072185
23.26,49.9975597000512
23.27,49.9969589428367
23.28,49.9967764804646
23.29,49.9969641685884
23.3,49.9971977571348
23.31,49.9970712039511
23.32,49.9969684815103
23.33,49.9968616124661
23.34,49.9971012657771
23.35,49.9970670978637
23.36,49.9966348117815
23.37,49.9964356765312
23.38,49.996379551736
23.39,49.9961831711014
23.4,49.9963295477567
23.41,49.9962913984977
23.42,49.9963273299533
23.43,49.9962074181582
23.44,49.9964248018881
23.45,49.9963939514372
23.46,49.9961265600016
23.47,49.9962765610764
23.48,49.9961815287922
23.49,49.9963844009458
23.5,49.9963873909124
23.51,49.9969129105508
23.52,49.9969948510787
23.53,49.997135828387
23.54,49.9972328717084
23.55,49.9972137932985
23.56,49.9971127904951
23.57,49.9966408806651
23.58,49.9968322298462
23.59,49.9966615927973
23.6,49.9968611560983
23.61,49.9971156821295
23.62,49.9971218915176
23.63,49.9972917340163
23.64,49.9974006213566
23.65,49.997259381553
23.66,49.9975422054965
23.67,49.9977331830461
23.68,49.9979391629662
23.69,49.9978650341562
23.7,49.9980920009273
23.71,49.9979820032376
23.72,49.998149158603
23.73,49.9979356728829
23.74,49.9980125294584
23.75,49.9981086646996
23.76,49.9982759043303
23.77,49.9985595230564
23.78,49.9983201314981
23.79,49.9982346706251
23.8,49.998075516878
23.81,49.9979182848186
23.82,49.9979928779544
23.83,49.9978539486274
23.84,49.9978255776074
23.85,49.9976453218122
23.86,49.9973953625673
23.87,49.9980379683879
23.88,49.9979370666808
23.89,49.9978228504715
23.9,49.9980516332918
23.91,49.997889139259
23.92,49.9982464734153
23.93,49.9987778373717
23.94,49.999000575286
23.95,49.9991165359084
23.96,49.9989596864099
23.97,49.9990746559353
23.98,49.999292881588
23.99,49.9990156555274
24,49.99890793852
24.01,49.9989992064604
24.02,49.998733888379
24.03,49.998345270932
24.04,49.9982934332234
24.05,49.9985706413075
24.06,49.9984959913443
24.07,49.9980996132955
24.08,49.9981469522833
24.09,49.9981950552019
24.1,49.9980660374201
24.11,49.9979673322788
24.12,49.997891855618
24.13,49.9981590946472
24.14,49.998437015788
24.15,49.9985573337738
24.16,49.9984446795862
24.17,49.9985959144962
24.18,49.9988854579375
24.19,49.9987892046775
24.2,49.9986299482708
24.21,49.9989351997387
24.22,49.9989191199468
24.23,49.9988839028234
24.24,49.9986991626443
24.25,49.9983444201261
24.26,49.9983715501276
24.27,49.9988043060098
24.28,49.9991904314445
24.29,49.9993420094916
24.3,49.999214287605
24.31,49.9989729031615
24.32,49.9986292453495
24.33,49.998980355188
24.34,49.9987574127614
24.35,49.9988512456387
24.36,49.9991692143694
24.37,49.9991116300898
24.38,49.9992181625661
24.39,49.9990167438846
24.4,49.9988408522364
24.41,49.9987713017484
24.42,49.9986352960066
24.43,49.9991861162149
24.44,49.9988699056684
24.45,49.9987387996126
24.46,49.9988561379042
24.47,49.9988657487452
24.48,49.9987388276478
24.49,49.9987007224848
24.5,49.998451981057
24.51,49.998343871669
24.52,49.9985577502472
24.53,49.9987816469758
24.54,49.9984859044428
24.55,49.9984957578752
24.56,49.9982752037817
24.57,49.9985755705075
24.58,49.9981987283951
24.59,49.9982406672634
24.6,49.9979309170448
24.61,49.9975893393704
24.62,49.9973371851127
24.63,49.9971576541986
24.64,49.9969305498329
24.65,49.9969141721822
24.66,49.9973343352056
24.67,49.9970505660717
24.68,49.9973389625917
24.69,49.9972458024492
24.7,49.9970935497222
24.71,49.9970383986479
24.72,49.9969234443432
24.73,49.9972266266514
24.74,49.9973778321067
24.75,49.9976245954608
24.76,49.9975846476913
24.77,49.9976169637894
24.78,49.9978800607792
24.79,49.9980477787273
24.8,49.9981684838998
24.81,49.9982720415875
24.82,49.9984217758414
24.83,49.998276378918
24.84,49.9983598798119
24.85,49.9983712931269
24.86,49.9988734483805
24.87,49.9984651989954
24.88,49.9985688515587
24.89,49.9984057091485
24.9,49.9983952663889
24.91,49.9984312556333
24.92,49.9983557648431
24.93,49.9977473930424
24.94,49.9977247583712
24.95,49.9978364490609
24.96,49.9980425000704
24.97,49.997982611699
24.98,49.9980124965515
24.99,49.9981662189712
25,49.9981187477099
25.01,49.9979104299363
25.02,49.9980519123961
25.03,49.9983105256084
25.04,49.9982952642664
25.05,49.9980264537036
25.06,49.9981393803832
25.07,49.9981375573612
25.08,49.9982488769534
25.09,49.9982515576426
25.1,49.9985555618276
25.11,49.9988786566855
25.12,49.9989401800284
25.13,49.998851437706
25.14,49.9989805531657
25.15,49.9988310887132
25.16,49.9993048602756
25.17,49.9994397792799
25.18,49.9993103384646
25.19,49.9993701145849
25.2,49.9995126140324
25.21,49.9994008898447
25.22,49.9993724664469
25.23,49.9993614144834
25.24,49.9994597941535
25.25,49.9997417068671
25.26,49.9998275690839
25.27,49.9995648961575
25.28,49.9990610692365
25.29,49.9988175192343
25.3,49.9991541313777
25.31,49.9995122950966
25.32,49.9997672959799
25.33,49.9995845073887
25.34,49.9993476523541
25.35,49.9993245758381
25.36,49.9995149827245
25.37,49.9994418577662
25.38,49.9993504050357
25.39,49.9995912233339
25.4,49.9995341945881
25.41,49.9998997999133
25.42,49.9997834141344
25.43,49.9993709850749
25.44,49.9995608137032
25.45,49.9996498815115
25.46,49.9997623660081
25.47,49.9997328569253
25.48,49.9998234241764
25.49,49.9998817930138
25.5,49.999911375795
25.51,49.9997449075974
25.52,49.9998437122204
25.53,49.9994539624067
25.54,49.9999265906407
25.55,49.9998759805702
25.56,50.0005137953476
25.57,50.0003989105946
25.58,50.0008675083393
25.59,50.0010233724624
25.6,50.0010766453088
25.61,50.0010077002918
25.62,50.001056727252
25.63,50.0011305362523
25.64,50.00105385499
25.65,50.000685965101
25.66,50.0000487141004
25.67,50.0001218806766
25.68,50.000156617967
25.69,50.000038418523
25.7,50.0001096223267
25.71,50.0002842551699
25.72,50.0006086268517
25.73,50.0005583204141
25.74,50.0001293287768
25.75,50.0001394459339
25.76,50.0002730983493
25.77,50.0002173016194
25.78,50.0000376252357
25.79,49.9999972952308
25.8,50.0000552046845
25.81,50.0002894592048
25.82,50.0002868927065
25.83,50.0004924221197
25.84,50.0003945651182
25.85,50.0008655980674
25.86,50.0005411497476
25.87,50.0005855150914
25.88,50.0006477064082
25.89,50.0009226201726
25.9,50.0008157653638
25.91,50.000843863453
25.92,50.0011666003548
25.93,50.0015249653331
25.94,50.0016743098488
25.95,50.0017374263224
25.96,50.0013763627658
25.97,50.001225980423
25.98,50.0012290555737
25.99,50.0013892616062
26,50.0015817946103
26.01,50.0019088106433
26.02,50.0017129520907
26.03,50.0014252412272
26.04,50.0016292845357
26.05,50.0016239332525
26.06,50.0015780714608
26.07,50.0017503429349
26.08,50.0014931658233
26.09,50.0013902189698
26.1,50.0016473496484
26.11,50.0013702068434
26.12,50.0009369371338
26.13,50.0009911853827
26.14,50.0007762311492
26.15,50.000638522955
26.16,50.0009723370704
26.17,50.0007654250596
26.18,50.0008183384335
26.19,50.000848859015
26.2,50.0005327208988
26.21,50.0005426775892
26.22,50.0005979052154
26.23,50.0006979398088
26.24,50.0008830226397
26.25,50.0008472880574
26.26,50.0008186371164
26.27,50.0008964489983
26.28,50.0010658215736
26.29,50.00085225236
26.3,50.000835118472
26.31,50.0008993968101
26.32,50.0010189331597
26.33,50.0013396536761
26.34,50.0016296292197
26.35,50.0017620644217
26.36,50.0012610788636
26.37,50.0013302470216
26.38,50.0013521248631
26.39,50.0016092337885
26.4,50.0019996195291
26.41,50.0015469996877
26.42,50.0017779756201
26.43,50.0019094132938
26.44,50.0017205537266
26.45,50.0015341368632
26.46,50.0013750146727
26.47,50.0016356488907
26.48,50.001934453832
26.49,50.0019299115054
26.5,50.0017444982912
26.51,50.001611116819
26.52,50.0011698154532
26.53,50.0016643101207
26.54,50.0016090252334
26.55,50.0016387988191
26.56,50.0012612342438
26.57,50.0010262773904
26.58,50.0007721553716
26.59,50.0005311596328
26.6,50.0006440509417
26.61,50.0007737091738
26.62,50.0006815838824
26.63,50.0006243323235
26.64,50.0007161015965
26.65,50.0011343179983
26.66,50.0011871479004
26.67,50.0012271573346
26.68,50.0010634043218
26.69,50.0011412341699
26.7,50.0012830087787
26.71,50.0014628169895
26.72,50.0012968273162
26.73,50.0012102454368
26.74,50.0011621495703
26.75,50.0009804034582
26.76,50.000996465973
26.77,50.0008389888492
26.78,50.0010020728283
26.79,50.0007522835773
26.8,50.0004535959943
26.81,50.0005173711151
26.82,50.000547096438
26.83,50.0001661108494
26.84,50.0001848785375
26.85,50.0000519817996
26.86,49.999922771066
26.87,49.9997076533157
26.88,49.9997183281932
26.89,49.9998010611569
26.9,49.9997196749351
26.91,49.999751321782
26.92,49.9996670788425
26.93,49.9992792355952
26.94,49.9989298785524
26.95,49.9990037523877
26.96,49.999049690608
26.97,49.9990050803784
26.98,49.9989708369405
26.99,49.9988099752437
27,49.9985143772719
27.01,49.998465985871
27.02,49.9984879673408
27.03,49.9984945543474
27.04,49.9986856616954
27.05,49.9984026848225
27.06,49.9985123386848
27.07,49.9985903306281
27.08,49.9990372882151
27.09,49.9987805972639
27.1,49.9983485552024
27.11,49.9982511322837
27.12,49.998725497918
27.13,49.9989164833384
27.14,49.9989490401761
27.15,49.9989694480235
27.16,49.9983563744082
27.17,49.9983909252045
27.18,49.9981745497427
27.19,49.9981731729003
27.2,49.9982717101834
27.21,49.9981513072855
27.22,49.9981894924688
27.23,49.9980325658641
27.24,49.9981495736827
27.25,49.9983285581607
27.26,49.9983135341537
27.27,49.9983723708354
27.28,49.9985183569086
27.29,49.9987371062645
27.3,49.9987400587953
27.31,49.9987083756778
27.32,49.9984016349965
27.33,49.9984544300955
27.34,49.9980364284505
27.35,49.9979397954682
27.36,49.9981488488455
27.37,49.998494639824
27.38,49.9983572447535
27.39,49.9978837251432
27.4,49.9978356381735
27.41,49.997576520066
27.42,49.997416794622
27.43,49.9974304543932
27.44,49.9975444582238
27.45,49.9975910483958
27.46,49.9978692901332
27.47,49.9980085774504
27.48,49.9978951189269
27.49,49.9977159109239
27.5,49.9979520722087
27.51,49.9984047188485
27.52,49.9986866795357
27.53,49.9984280692794
27.54,49.9983093666346
27.55,49.9982009935458
27.56,49.9980923883723
27.57,49.9983706022687
27.58,49.9983701748207
27.59,49.9985533557418
27.6,49.9985262158656
27.61,49.9986407881317
27.62,49.9986806500168
27.63,49.9989641348981
27.64,49.9989988273009
27.65,49.9990765424331
27.66,49.9994017408146
27.67,49.9995454748086
27.68,49.9994743828157
27.69,49.9997707045565
27.7,49.9997830087374
27.71,49.9995010306356
27.72,49.9995238743834
27.73,49.9999882773454
27.74,50.0002510448802
27.75,50.0001567303454
27.76,50.0000845094339
27.77,50.0002189148267
27.78,49.9998758917579
27.79,50.0002706272053
27.8,50.0003553245696
27.81,50.000221185197
27.82,49.9999928639634
27.83,50.000097338561
27.84,50.0001043198046
27.85,49.9995496779619
27.86,49.9997204259859
27.87,50.0000948316844
27.88,49.9997891471147
27.89,49.9993000253617
27.9,49.9994872816745
27.91,49.9995973793518
27.92,49.9996197307533
27.93,49.9998319253317
27.94,49.9998654146919
27.95,49.9994547476432
27.96,49.9995205854864
27.97,50.0000777929775
27.98,49.9999798737403
27.99,49.9998453009592
28,50.0001151261893
28.01,50.0002694194229
28.02,50.0004974682692
28.03,50.0006489187958
28.04,50.0004466208494
28.05,50.0008705491598
28.06,50.0005399787743
28.07,50.0003492429983
28.08,50.0001781777851
28.09,50.0008925448963
28.1,50.0008358621375
28.11,50.0009931127957
28.12,50.0003015555301
28.13,50.0000272458331
28.14,49.9998074282322
28.15,50.0001158756312
28.16,50.0004148867563
28.17,50.0000405885504
28.18,49.9999590809773
28.19,50.0003479367187
28.2,50.0004638479676
28.21,50.000687760295
28.22,50.0008940831175
28.23,50.001119764705
28.24,50.0010698895153
28.25,50.0008140883314
28.26,50.0007245095326
28.27,50.0005726057723
28.28,50.0002306399417
28.29,50.0003107715953
28.3,50.0000498653359
28.31,49.9999563729619
28.32,50.0001406605282
28.33,50.0000350604897
28.34,50.00032885773
28.35,50.0002053178087
28.36,49.9998989196707
28.37,49.9995022620365
28.38,49.9994912217883
28.39,49.9998234943253
28.4,49.999898347904
28.41,50.0001710642746
28.42,49.9999200915695
28.43,49.9995342164162
28.44,49.9995196887912
28.45,49.999692063573
28.46,49.9995114864337
28.47,49.9991664235058
28.48,49.9991269609432
28.49,49.9991780856337
28.5,49.9992061602389
28.51,49.9990403432476
28.52,49.999054690904
28.53,49.9990327286277
28.54,49.9989265291796
28.55,49.9991636561835
28.56,49.9996218626867
28.57,49.9997254365659
28.58,49.9998186473109
28.59,49.9998075588377
28.6,49.9995753044095
28.61,49.99940340862
28.62,49.9994529030538
28.63,49.9993069995433
28.64,49.9994035941064
28.65,49.9992079328002
28.66,49.9988113653315
28.67,49.998713114162
28.68,49.9986214001059
28.69,49.9985481778129
28.7,49.9985461632345
28.71,49.9987811447998
28.72,49.9988627475255
28.73,49.9985287559131
28.74,49.9987494655399
28.75,49.9987761709198
28.76,49.9987909376468
28.77,49.9988504741377
28.78,49.999365872574
28.79,49.9994010704933
28.8,49.9994901291666
28.81,49.9994010841945
28.82,49.9992693290033
28.83,49.9994428642561
28.84,49.9996141365741
28.85,49.9995913103101
28.86,49.9993562868104
28.87,49.9992536850789
28.88,49.9997003813877
28.89,50.0000212299405
28.9,50.0001071801306
28.91,49.9999214840036
28.92,50.0000013482728
28.93,50.0001823544673
28.94,50.0003822273056
28.95,50.0002951905819
28.96,50.0004756053938
28.97,50.0002851175983
28.98,50.0004587277534
28.99,50.0008082141613
29,50.0007110965558
29.01,50.0006165758949
29.02,50.0003592833264
29.03,50.0004336559409
29.04,50.0001456163497
29.05,50.0001515790753
29.06,50.0003502693477
29.07,50.000194780508
29.08,50.0002557018914
29.09,49.9997245152591
29.1,50.0001926439338
29.11,50.0001157874382
29.12,50.0007536668086
29.13,50.0009511034936
29.14,50.0010208557554
29.15,50.0012942405038
29.16,50.0014840795806
29.17,50.001812597209
29.18,50.0018598412233
29.19,50.0013654830307
29.2,50.0016689982276
29.21,50.0014916465683
29.22,50.0016822324326
29.23,50.0014303215668
29.24,50.0016404802161
29.25,50.0019847885532
29.26,50.001750903591
29.27,50.0018240961149
29.28,50.0022002392405
29.29,50.0020613049492
29.3,50.0018001835625
29.31,50.0016092020125
29.32,50.0018015082021
29.33,50.0013571049001
29.34,50.0010396754444
29.35,50.0011957544327
29.36,50.0014660653172
29.37,50.0015982428058
29.38,50.0015979716255
29.39,50.0015351646507
29.4,50.0015537456709
29.41,50.001575178283
29.42,50.0020898609643
29.43,50.0021860257017
29.44,50.0021679734288
29.45,50.0021740938638
29.46,50.0020067844853
29.47,50.0022331818159
29.48,50.0022711821639
29.49,50.0023733692572
29.5,50.0021750772866
29.51,50.002078251623
29.52,50.0019202321423
29.53,50.002024784409
29.54,50.00171051586
29.55,50.0014823549871
29.56,50.0011909222674
29.57,50.0010948167006
29.58,50.0010660056567
29.59,50.0014305778566
29.6,50.0019128852279
29.61,50.0019475063878
29.62,50.0021688796266
29.63,50.0021948749359
29.64,50.0023107646407
29.65,50.002249048767
29.66,50.0022434378932
29.67,50.0024952964586
29.68,50.0027630001983
29.69,50.0026796196494
29.7,50.0027365215221
29.71,50.0024470788794
29.72,50.0021770415032
29.73,50.0021716755348
29.74,50.0018590125256
29.75,50.0016775471166
29.76,50.0016213646145
29.77,50.0017317418779
29.78,50.0014670736636
29.79,50.0012405862196
29.8,50.0013538534895
29.81,50.0012989117368
29.82,50.0016406810748
29.83,50.0016688888484
29.84,50.0014532800256
29.85,50.0017419373375
29.86,50.0020567780454
29.87,50.0018441948698
29.88,50.0014359864765
29.89,50.0012202034395
29.9,50.0012947580316
29.91,50.0014178526193
29.92,50.0012120987125
29.93,50.0012298848931
29.94,50.0011982010649
29.95,50.0013040508641
29.96,50.0008900261171
29.97,50.0007751144574
29.98,50.000608534017
29.99,50.0004533909316
30,50.0009911734402
30.01,50.0007185943292
30.02,50.0010080413007
30.03,50.0009800361759
30.04,50.0011019594129
30.05,50.001175847405
30.06,50.0014052618922
30.07,50.0016540710582
30.08,50.001601060962
30.09,50.001465924222
30.1,50.0013559412614
30.11,50.0014288528901
30.12,50.0007960419456
30.13,50.0007133714701
30.14,50.0009970542582
30.15,50.0008425942626
30.16,50.0002772823514
30.17,49.9999674429263
30.18,50.0001041332312
30.19,50.0002820303654
30.2,50.0001559670745
30.21,50.0005654415742
30.22,50.0003644611346
30.23,50.0004948536523
30.24,50.0006328659739
30.25,50.0002858942597
30.26,50.0001941084155
30.27,50.0002885689297
30.28,50.0001029693242
30.29,50.0001417459944
30.3,50.0005505130347
30.31,50.0007043866713
30.32,50.000414887215
30.33,50.0005248178947
30.34,50.0008250498556
30.35,50.000554843396
30.36,50.0007339298537
30.37,50.0008200162345
30.38,50.0005994907049
30.39,50.0007574649044
30.4,50.0007832036115
30.41,50.000663461083
30.42,50.0002628759511
30.43,50.0002982167606
30.44,50.0002233830343
30.45,50.0001866620362
30.46,50.000408808759
30.47,50.0003638338751
30.48,50.0000519060904
30.49,50.0002636699806
30.5,50.0003262175905
30.51,50.0004469183038
30.52,50.0006680896257
30.53,50.0005484713629
30.54,50.0009341524974
30.55,50.0008891650017
30.56,50.0007790321372
30.57,50.0004162468195
30.58,50.0003118678601
30.59,49.9998467080074
30.6,49.9995062218602
30.61,49.9995882491636
30.62,49.9992148720241
30.63,49.9991607385127
30.64,49.998794861664
30.65,49.9990155857588
30.66,49.9992474034727
30.67,49.9991231184618
30.68,49.999131784586
30.69,49.9991652140099
30.7,49.9991544629209
30.71,49.9990839109597
30.72,49.9988926747994
30.73,49.9988675430115
30.74,49.9985948318475
30.75,49.9992140094662
30.76,49.9993547539424
30.77,49.9989938964551
30.78,49.9989812228664
30.79,49.9988928340512
30.8,49.9992178637105
30.81,49.9993040820237
30.82,49.9992829853757
30.83,49.9992184748908
30.84,49.9992647558223
30.85,49.9992083611414
30.86,49.9988083743931
30.87,49.9988578043468
30.88,49.9990631840193
30.89,49.9992184524422
30.9,49.9992775004969
30.91,49.9991163313496
30.92,49.9990295426096
30.93,49.9987205397728
30.94,49.9987482220755
30.95,49.9986669750127
30.96,49.9987874064962
30.97,49.9989127798047
30.98,49.9989120203787
30.99,49.9989375723215
31,49.9982535772964
31.01,49.9982768595768
31.02,49.9977656194823
31.03,49.9977996839321
31.04,49.9977036532281
31.05,49.9975420512389
31.06,49.9969188682994
31.07,49.9967782149257
31.08,49.9968724488637
31.09,49.9971266403588
31.1,49.9971650806079
31.11,49.9972611041692
31.12,49.9974055157787
31.13,49.9972662038069
31.14,49.9969212141672
31.15,49.9965765794521
31.16,49.9968517177645
31.17,49.9972161846826
31.18,49.9971567251736
31.19,49.9971935062495
31.2,49.9970294578752
31.21,49.9967831986322
31.22,49.9964636032461
31.23,49.9960463619425
31.24,49.995866115515
31.25,49.9959481063934
31.26,49.9963018628713
31.27,49.9962240549468
31.28,49.9966026971782
31.29,49.9967746806763
31.3,49.9966930646989
31.31,49.9966026377101
31.32,49.9966976028692
31.33,49.9970125705482
31.34,49.9970537418915
31.35,49.9974575841648
31.36,49.9974778798482
31.37,49.9974728615496
31.38,49.9978356819187
31.39,49.9975012250584
31.4,49.9974913927592
31.41,49.9978481229482
31.42,49.9983223125442
31.43,49.9985142707277
31.44,49.9986375650681
31.45,49.9984226231685
31.46,49.9982991412314
31.47,49.9985300151112
31.48,49.999001506521
31.49,49.9987906063563
31.5,49.9989039636954
31.51,49.9985853158228
31.52,49.998450004077
31.53,49.9984726000493
31.54,49.9981419586171
31.55,49.9984226368595
31.56,49.9982514745541
31.57,49.9983003624921
31.58,49.9983895078297
31.59,49.9986233969946
31.6,49.9983632778859
31.61,49.9979971592983
31.62,49.9985055225687
31.63,49.9986764100053
31.64,49.9991519777622
31.65,49.9991326448417
31.66,49.9990280118025
31.67,49.998912213827
31.68,49.9987642161846
31.69,49.9988474812547
31.7,49.9989644984188
31.71,49.9991578930174
31.72,49.9994880666112
31.73,49.999471772861
31.74,49.9997262276742
31.75,49.9993496463747
31.76,49.9991632301572
31.77,49.9995291430112
31.78,49.9995626918004
31.79,49.9996338639051
31.8,49.9992691628306
31.81,49.9989520092987
31.82,49.9988538574388
31.83,49.999202259196
31.84,49.9989029544972
31.85,49.9989491743232
31.86,49.999383074725
31.87,49.9995297733142
31.88,49.9994620437809
31.89,49.9995092597229
31.9,49.9993461501198
31.91,49.9995774003028
31.92,49.9996742354693
31.93,49.999837735472
31.94,49.9997181946965
31.95,49.9997503142725
31.96,49.9996981005863
31.97,49.9996174198108
31.98,49.9997380458576
31.99,49.9997637895208
32,49.9997617558526
32.01,49.9998763133627
32.02,50.0000804777781
32.03,49.9999590365035
32.04,50.0006571373045
32.05,50.000648326193
32.06,50.0010314518019
32.07,50.0013305600134
32.08,50.0013162188959
32.09,50.001186178856
32.1,50.0012052356455
32.11,50.0013896204515
32.12,50.0015138735994
32.13,50.0015647244455
32.14,50.0018321464877
32.15,50.0018302432653
32.16,50.0018328607269
32.17,50.0019263579151
32.18,50.0017600924956
32.19,50.0016734866557
32.2,50.0017487939442
32.21,50.0016015019647
32.22,50.0019963717716
32.23,50.0023852240753
32.24,50.00244200245
32.25,50.0024855615481
32.26,50.0022288640826
32.27,50.0025139419938
32.28,50.0023311342685
32.29,50.0022167700342
32.3,50.0024225674271
32.31,50.0029469016687
32.32,50.0029180310616
32.33,50.0028851709227
32.34,50.0031635377263
32.35,50.0030098094508
32.36,50.0024403152158
32.37,50.0024135017409
32.38,50.0023643360836
32.39,50.0024273436702
32.4,50.0019192577641
32.41,50.0019155707471
32.42,50.0018185269429
32.43,50.0017932442388
32.44,50.0015132355171
32.45,50.0015753420694
32.46,50.0018056058807
32.47,50.0014256219419
32.48,50.0011123759986
32.49,50.0007344340948
32.5,50.0005264488271
32.51,50.0003450818085
32.52,50.0002673363353
32.53,50.0003465804619
32.54,50.0008008370534
32.55,50.0008644417717
32.56,50.0010880399469
32.57,50.001366992655
32.58,50.0013773030344
32.59,50.0009405878224
32.6,50.0010329927257
32.61,50.0012108012082
32.62,50.0010848570655
32.63,50.001062337376
32.64,50.0006705560155
32.65,50.0007253197329
32.66,50.0008536027378
32.67,50.0008390200532
32.68,50.000762079598
32.69,50.0007682720179
32.7,50.0004664879325
32.71,50.0006871330848
32.72,50.0009400442953
32.73,50.0011380583279
32.74,50.0011046226054
32.75,50.0012335402561
32.76,50.0014178595544
32.77,50.0014487282198
32.78,50.0012907370389
32.79,50.001419371665
32.8,50.001425171479
32.81,50.0017775935854
32.82,50.0018288577999
32.83,50.0017047864292
32.84,50.0019805665048
32.85,50.0020710490466
32.86,50.0018909967775
32.87,50.0017700549804
32.88,50.00206370175
32.89,50.0021353758003
32.9,50.0024343629439
32.91,50.0021538929693
32.92,50.0020616263444
32.93,50.0018324944929
32.94,50.0018121248117
32.95,50.0018325706387
32.96,50.0021134259639
32.97,50.0019922063949
32.98,50.0019671303224
32.99,50.0016320078372
33,50.0016715588617
33.01,50.0016446056066
33.02,50.0017434290393
33.03,50.001671304193
33.04,50.0015022886101
33.05,50.0013548136669
33.06,50.0012833098319
33.07,50.0009250194112
33.08,50.0006838707615
33.09,50.0006987317554
33.1,50.0004741686323
33.11,50.0000027008415
33.12,50.0001164710495
33.13,50.0002415922402
33.14,50.0002807882609
33.15,50.0001000205233
33.16,49.9999602322317
33.17,49.9997452894592
33.18,49.9999781743275
33.19,49.9999158479914
33.2,49.9998806610945
33.21,49.9998684115331
33.22,49.9997851225385
33.23,49.9996628382584
33.24,49.9995964146718
33.25,49.9993213051181
33.26,49.9993964124848
33.27,49.9989872550014
33.28,49.9989762336932
33.29,49.9990278222147
33.3,49.9991367544909
33.31,49.9985829801743
33.32,49.9986574894647
33.33,49.9986446115824
33.34,49.9983399928719
33.35,49.9984080016246
33.36,49.9986260022568
33.37,49.9984428266453
33.38,49.9983957702184
33.39,49.9985704419673
33.4,49.9987960706347
33.41,49.9986254702102
33.42,49.9984053921825
33.43,49.9983225012595
33.44,49.99845121538
33.45,49.9988522918444
33.46,49.9989187191617
33.47,49.9987595301203
33.48,49.9989222861503
33.49,49.9992206159186
33.5,49.9994847418342
33.51,49.9997107865533
33.52,49.9997924505729
33.53,49.9995250199349
33.54,49.9995444289461
33.55,49.9990514891444
33.56,49.9991036656865
33.57,49.9990346647677
33.58,49.9992349118039
33.59,49.9995943286569
33.6,49.9999037328846
33.61,49.9999785304101
33.62,49.999700846067
33.63,49.9997773927843
33.64,49.999869539006
33.65,49.9998296018824
33.66,49.9997805451021
33.67,49.9999209713612
33.68,50.0000016288015
33.69,49.9999103537833
33.7,49.9999287828038
33.71,49.999711118614
33.72,49.9996319515504
33.73,49.9994120917563
33.74,49.9995470472257
33.75,49.9996586804077
33.76,49.9995616979322
33.77,49.9994765435887
33.78,49.999451131883
33.79,49.9993383469442
33.8,49.9995242561996
33.81,49.9993278982307
33.82,49.9995415394092
33.83,49.999170349234
33.84,49.999381408099
33.85,49.9992696570326
33.86,49.9991914880576
33.87,49.9991687006886
33.88,49.9987941071925
33.89,49.9986689817614
33.9,49.9981973343401
33.91,49.9985052954783
33.92,49.9988078230504
33.93,49.9991787428537
33.94,49.999499699543
33.95,49.9993965293935
33.96,49.9991792488464
33.97,49.9990576667718
33.98,49.9989846086121
33.99,49.9991129828632
34,49.999391818639
34.01,49.9997833476307
34.02,49.9998691324499
34.03,49.9998653350199
34.04,49.9993298111173
34.05,49.9993538757785
34.06,49.99987524522
34.07,49.9999483447337
34.08,50.0000805862342
34.09,50.0003637619103
34.1,50.0003971011709
34.11,50.0005603408811
34.12,50.0005084445412
34.13,50.0005430918964
34.14,50.000307522179
34.15,50.0004658522178
34.16,50.0005714816476
34.17,50.0009154145105
34.18,50.001017776749
34.19,50.000987894977
34.2,50.0008861683118
34.21,50.0011982454281
34.22,50.0011800401691
34.23,50.000854272333
34.24,50.0009156186482
34.25,50.0012436886599
34.26,50.0013676977265
34.27,50.0016061520783
34.28,50.001211799826
34.29,50.0010577496324
34.3,50.0005459393612
34.31,50.000727764898
34.32,50.0006069151111
34.33,50.0005652368924
34.34,50.0004048341161
34.35,50.0004319696399
34.36,50.0003469712648
34.37,50.0003656960558
34.38,50.0004479135177
34.39,50.0004826835573
34.4,50.0006225812244
34.41,50.0007689269615
34.42,50.000596072551
34.43,50.0002858664808
34.44,50.0001966755003
34.45,49.9999177942056
34.46,49.9998419532502
34.47,49.9999502440957
34.48,49.9998118592252
34.49,49.9997108437883
34.5,49.9994718170674
34.51,49.9996429517911
34.52,49.9994445765015
34.53,49.9998588557799
34.54,49.9995087953539
34.55,49.9997717214176
34.56,49.9995989488514
34.57,49.9997565993103
34.58,49.9995597568754
34.59,49.9998248125792
34.6,49.9994552401432
34.61,49.9994964035199
34.62,49.9997639932926
34.63,49.9998424794519
34.64,49.9999228818682
34.65,49.9997565217914
34.66,49.9999218238812
34.67,50.0000170896582
34.68,50.0000206918583
34.69,50.0000712911535
34.7,50.0005278711538
34.71,50.000227085246
34.72,49.9998835593419
34.73,49.999978123857
34.74,49.9999282614368
34.75,49.9996481276556
34.76,49.9994900677313
34.77,49.999625159701
34.78,49.9996382864299
34.79,49.9996077952003
34.8,49.9996209387815
34.81,49.9998975933895
34.82,49.9994320480164
34.83,49.9993839349291
34.84,49.9992623328275
34.85,49.9993331830183
34.86,49.9996601764499
34.87,49.9996251879522
34.88,49.9996969209443
34.89,49.9996166652101
34.9,49.9995868422262
34.91,49.999288561827
34.92,49.9990413248501
34.93,49.9987463060656
34.94,49.9986121847919
34.95,49.9988530139278
34.96,49.9987619415443
34.97,49.9991439180897
34.98,49.9991330646631
34.99,49.9993586354554
35,49.9993202517776
35.01,49.9988772026072
35.02,49.9989073864779
35.03,49.9991751027661
35.04,49.9995532162861
35.05,49.9995932105415
35.06,49.9991198832412
35.07,49.9995857829748
35.08,49.9996904318135
35.09,49.9994970110844
35.1,49.9992237199126
35.11,49.999449550588
35.12,49.99944917612
35.13,49.9994471232367
35.14,49.9995885180049
35.15,49.9993589868802
35.16,49.9995516864526
35.17,49.9994212288411
35.18,49.9993884905277
35.19,49.9993115108514
35.2,49.9992335947539
35.21,49.9992548490871
35.22,49.9992079561033
35.23,49.999517686603
35.24,49.9992947043025
35.25,49.999254027119
35.26,49.9993126301939
35.27,49.999105286667
35.28,49.999171895414
35.29,49.9991724904754
35.3,49.9996672668941
35.31,49.9994577461712
35.32,49.9993736957449
35.33,49.9991078205133
35.34,49.9992254972144
35.35,49.9989735600764
35.36,49.9992327217984
35.37,49.9993715241833
35.38,49.9993013137626
35.39,49.9992476185255
35.4,49.9992316926144
35.41,49.9991572903581
35.42,49.9992181917237
35.43,49.9996286040288
35.44,49.9998206624996
35.45,49.9999528247083
35.46,49.9997650647432
35.47,49.9998614949359
35.48,49.9995457080851
35.49,49.9996857288252
35.5,49.9997354544372
35.51,49.999321213015
35.52,49.9994666341118
35.53,49.9992599518268
35.54,49.9993651147464
35.55,49.999203950522
35.56,49.9994980426011
35.57,49.999644752019
35.58,49.9998058974386
35.59,49.9994625970527
35.6,49.9998417884454
35.61,49.9996428384524
35.62,49.9994629444256
35.63,49.9994371106394
35.64,49.9992854134024
35.65,49.9994010281404
35.66,49.9992780900794
35.67,49.999269503987
35.68,49.9991746808465
35.69,49.9990061009415
35.7,49.9986179116113
35.71,49.9990571254865
35.72,49.9992283602534
35.73,49.9994294017757
35.74,49.9994077504823
35.75,49.9993334168546
35.76,49.9994454080199
35.77,49.9991320778782
35.78,49.9992261947259
35.79,49.9992388319755
35.8,49.9989716892274
35.81,49.9987626103899
35.82,49.9986799683784
35.83,49.9988773268963
35.84,49.9987895498993
35.85,49.9988365368415
35.86,49.9987850054509
35.87,49.9988739485099
35.88,49.9986289924439
35.89,49.9988816496378
35.9,49.9993181955864
35.91,49.9993280151797
35.92,49.9993484767472
35.93,49.9996065947969
35.94,49.999450436958
35.95,49.9994294671839
35.96,49.9998684701293
35.97,49.9993408190451
35.98,49.99934901107
35.99,49.9991561914557
36,49.9994745448884
36.01,49.999611319928
36.02,49.9994129279697
36.03,49.9992726561022
36.04,49.9992407786075
36.05,49.9994232081593
36.06,49.9997561875205
36.07,49.9995566458979
36.08,49.9996139124072
36.09,49.9994653585523
36.1,49.9994754860766
36.11,49.9991596334352
36.12,49.999098344938
36.13,49.9989839249112
36.14,49.9990271372882
36.15,49.9993420780782
36.16,49.9990215813075
36.17,49.9988418431781
36.18,49.9988836994687
36.19,49.9992134459186
36.2,49.9993441352032
36.21,49.9992760029613
36.22,49.9990106787229
36.23,49.9988379010376
36.24,49.9989019243613
36.25,49.9987524596929
36.26,49.9986973562918
36.27,49.9988733138009
36.28,49.9991785807946
36.29,49.9992701579418
36.3,49.9989873969596
36.31,49.999056227503
36.32,49.9992363116362
36.33,49.9994735624018
36.34,49.9994438257838
36.35,49.9999827854285
36.36,49.9997540201474
36.37,49.9996333409322
36.38,49.9995931997244
36.39,49.9997100109802
36.4,49.9997645959155
36.41,49.9998935409735
36.42,49.9999648144353
36.43,49.9999820498815
36.44,50.0000402008976
36.45,50.0000871720259
36.46,50.0002319159962
36.47,50.0002709582907
36.48,50.0006035460358
36.49,50.0003896145252
36.5,50.0005510788736
36.51,50.0008336717096
36.52,50.0009202884689
36.53,50.0008249220282
36.54,50.0009168770185
36.55,50.0010083203646
36.56,50.0009563067431
36.57,50.0003663493285
36.58,50.0004439954564
36.59,50.0003737349505
36.6,50.0001012873699
36.61,50.000392271315
36.62,50.0007024651715
36.63,50.0006985416725
36.64,50.0007167930293
36.65,50.0009302583382
36.66,50.0009993987128
36.67,50.0009296916599
36.68,50.0011241644323
36.69,50.0015355455812
36.7,50.0015712050951
36.71,50.0012926998745
36.72,50.0011843956701
36.73,50.0006869279442
36.74,50.0006892258576
36.75,50.0008315780547
36.76,50.0009096014138
36.77,50.001248705919
36.78,50.0013246790625
36.79,50.0012449065263
36.8,50.0014514673855
36.81,50.0015862271125
36.82,50.0016255510005
36.83,50.001848514097
36.84,50.0017807457173
36.85,50.0018879950878
36.86,50.0014986919892
36.87,50.0012975975845
36.88,50.0017062202371
36.89,50.001571653634
36.9,50.0012462174116
36.91,50.0015683871762
36.92,50.0015013195815
36.93,50.0015455298404
36.94,50.0018441803798
36.95,50.0019409410089
36.96,50.0016085946147
36.97,50.0018533574031
36.98,50.0019901139844
36.99,50.0022792466632
37,50.0019613015361
37.01,50.0020548921741
37.02,50.0022390513624
37.03,50.0020802643971
37.04,50.0020336558875
37.05,50.0019439559214
37.06,50.0017301299892
37.07,50.0017383058765
37.08,50.001578037402
37.09,50.0020466650973
37.1,50.0023995859475
37.11,50.0025199311664
37.12,50.0027404918775
37.13,50.0030217906396
37.14,50.0029861762852
37.15,50.0030414404934
37.16,50.0032547924583
37.17,50.003251071959
37.18,50.0030029742235
37.19,50.0028791742165
37.2,50.0026688336269
37.21,50.0026922662446
37.22,50.0029399415719
37.23,50.0031217012479
37.24,50.0030299996937
37.25,50.0033605157052
37.26,50.0034340144046
37.27,50.0034831824729
37.28,50.0033089444038
37.29,50.0031616554385
37.3,50.0032275899936
37.31,50.003137522137
37.32,50.0032576242505
37.33,50.0032850061645
37.34,50.0033583883714
37.35,50.0026968054029
37.36,50.0029807244135
37.37,50.0028745556628
37.38,50.0027345413527
37.39,50.0026418218147
37.4,50.002691605286
37.41,50.0026807874211
37.42,50.0027285589007
37.43,50.0025607271105
37.44,50.0025631810471
37.45,50.0024272860939
37.46,50.0022832789954
37.47,50.0022869052483
37.48,50.0023563568452
37.49,50.0026485777458
37.5,50.0024556122628
37.51,50.0026257878625
37.52,50.0026761454598
37.53,50.0028780930101
37.54,50.0029845429648
37.55,50.0032360839339
37.56,50.003102521331
37.57,50.0034750932928
37.58,50.0033315432915
37.59,50.0036730692085
37.6,50.0040244606846
37.61,50.0040556619969
37.62,50.0038401424229
37.63,50.0036041603702
37.64,50.0037637272239
37.65,50.0034711443564
37.66,50.0034249550066
37.67,50.003179662396
37.68,50.0031059218862
37.69,50.0029114485028
37.7,50.0029057064909
37.71,50.0031386896522
37.72,50.0032222798889
37.73,50.0035155032145
37.74,50.0035441605566
37.75,50.0033298419664
37.76,50.0031948382118
37.77,50.0028025213119
37.78,50.002744002642
37.79,50.0029053004826
37.8,50.0030691978582
37.81,50.0031708251299
37.82,50.0031650096438
37.83,50.0030891441937
37.84,50.003291364291
37.85,50.0029590532091
37.86,50.0029681071684
37.87,50.0031113016753
37.88,50.0031015129171
37.89,50.003188885776
37.9,50.0034188805423
37.91,50.0033622841033
37.92,50.0033585451042
37.93,50.0032951264653
37.94,50.0029835278911
37.95,50.0029040711044
37.96,50.0027950963194
37.97,50.0029547161688
37.98,50.002524190461
37.99,50.0023115399368
38,50.0024596440503
38.01,50.002127330466
38.02,50.0017960443186
38.03,50.0020700620318
38.04,50.0020893402119
38.05,50.0017959692886
38.06,50.0019464212418
38.07,50.0017934828874
38.08,50.0017528978189
38.09,50.0016175558726
38.1,50.0017165133887
38.11,50.0014546968547
38.12,50.0013591509662
38.13,50.0009166014423
38.14,50.0008494727047
38.15,50.0006177106098
38.16,50.0002172963314
38.17,50.0002321632949
38.18,50.0006262977024
38.19,50.0010041675915
38.2,50.0013798351585
38.21,50.0009504693814
38.22,50.0006026062253
38.23,50.000467913814
38.24,50.0002221811897
38.25,50.0001208089851
38.26,50.0000817127652
38.27,49.9998615043935
38.28,50.0000475604761
38.29,50.0003254303394
38.3,50.000106290753
38.31,50.0000929954886
38.32,49.9998048057363
38.33,49.9997775645651
38.34,49.9996548117802
38.35,50.0000082394996
38.36,49.9998107947988
38.37,50.0001763216843
38.38,50.0006573786896
38.39,50.0005543881167
38.4,50.0004282954196
38.41,50.0001399047638
38.42,49.9999470619017
38.43,50.0000455527512
38.44,49.9998299048606
38.45,49.9998218788883
38.46,49.99984700285
38.47,49.9996368753301
38.48,49.9999235620789
38.49,49.9997247719065
38.5,49.9999792689001
38.51,50.0002325041551
38.52,50.0002290236049
38.53,49.9998566685509
38.54,49.9995766843243
38.55,49.9994492812817
38.56,49.9996237788859
38.57,49.9994855349941
38.58,49.9994548340729
38.59,49.9993010089253
38.6,49.9987249810799
38.61,49.9988492952868
38.62,49.9987392778458
38.63,49.9986584373498
38.64,49.9988212678455
38.65,49.9989420152307
38.66,49.9988090667307
38.67,49.9990478407531
38.68,49.9988495441047
38.69,49.9988206842622
38.7,49.9989132905796
38.71,49.9987838224752
38.72,49.9988792029698
38.73,49.9989034503076
38.74,49.9990305170894
38.75,49.9994527773986
38.76,49.9993323537058
38.77,49.9994239643231
38.78,49.9995076155959
38.79,49.9991885661286
38.8,49.9987906463749
38.81,49.9988195279255
38.82,49.9989437293557
38.83,49.9987453161098
38.84,49.9988132876109
38.85,49.9992018355879
38.86,49.9991172095489
38.87,49.9992417377789
38.88,49.9992046624156
38.89,49.9993374185102
38.9,49.9990799256824
38.91,49.9990282055983
38.92,49.9988861533691
38.93,49.9984152118367
38.94,49.9986598317484
38.95,49.9982141696241
38.96,49.9983703296024
38.97,49.9979526643004
38.98,49.9982724619517
38.99,49.9985031834161
39,49.9985506677437
39.01,49.9986724312449
39.02,49.99907214947
39.03,49.9989600367813
39.04,49.9991512347675
39.05,49.9994067983639
39.06,49.9988860708176
39.07,49.999122903299
39.08,49.9991516623474
39.09,49.9988738322143
39.1,49.9983651660609
39.11,49.9982620476005
39.12,49.9982409834621
39.13,49.9982453502623
39.14,49.9982572279271
39.15,49.9984917096364
39.16,49.9988446302646
39.17,49.9988456606716
39.18,49.9986882321468
39.19,49.998211699634
39.2,49.9982378370848
39.21,49.9988467839557
39.22,49.9991295683336
39.23,49.9994765131904
39.24,49.9996942964507
39.25,49.9996655271759
39.26,49.9995797263166
39.27,49.9996349774304
39.28,49.9994995524
39.29,49.9994930974914
39.3,49.9996096597523
39.31,49.9997735534471
39.32,49.9999773444034
39.33,49.9998031722659
39.34,49.9999021277043
39.35,50.0000326830363
39.36,50.0002338154656
39.37,49.9999641122032
39.38,49.9998462600542
39.39,50.0001733430145
39.4,50.0004572222268
39.41,50.0007946095728
39.42,50.0008929230532
39.43,50.0007095392835
39.44,50.0008971363806
39.45,50.0008247947413
39.46,50.0008070003878
39.47,50.001088564923
39.48,50.0005917400417
39.49,50.0008209210516
39.5,50.0007872295127
39.51,50.0003386845727
39.52,50.0002374935699
39.53,50.0004473339584
39.54,50.0006132138004
39.55,50.0005884554092
39.56,50.0004539677546
39.57,50.0005193016101
39.58,50.0004602035401
39.59,50.0004291020692
39.6,50.0008143551862
39.61,50.0005463714002
39.62,50.0006238432795
39.63,50.0007464365636
39.64,50.0005029282129
39.65,50.0005204272342
39.66,50.0005634298366
39.67,50.0004806417074
39.68,50.0006586717306
39.69,50.0006462305682
39.7,50.0005676619209
39.71,50.0005489752101
39.72,50.0004149395316
39.73,50.0003924961085
39.74,50.0003078714171
39.75,50.0001194632905
39.76,50.0003978902265
39.77,50.0005498593654
39.78,50.0004072075472
39.79,50.000732550537
39.8,50.0010139777346
39.81,50.00078514058
39.82,50.0008525031868
39.83,50.0009760047143
39.84,50.000842067501
39.85,50.0005544153939
39.86,50.001036821482
39.87,50.0009544880867
39.88,50.0008782451328
39.89,50.0005043897219
39.9,50.0006089885741
39.91,50.0004892718336
39.92,50.0009050841114
39.93,50.001623754037
39.94,50.0013645503684
39.95,50.0020837793528
39.96,50.0022827796171
39.97,50.0028933595272
39.98,50.0029629014043
